"","conc.b","conc.a","fail.r","corr.b","corr.a","corr.theta","corr.ltheta.b","corr.ltheta.t","corr.ltheta.m","corr.ltheta.s","corr.ltheta.r","conc.a2"
"SRR1974543",2.59536816148843,-2.01674714637206,-2.30258509299405,-6.20842867086895,1,3.0619481298506,-5.33463118377057,2.96095114675909,5.61876430375886,-3.24900045750114,0.1,0.513173740240065
"SRR1974544",-4.43215712412254,-10.1928041267446,-2.30258509299405,-6.06872817307396,1,19.023028493723,-10.011539878836,22.6875378620043,1.6462260138555,-1.23472497138073,0.1,2.4300427674891
"SRR1974545",-1.90183420663723,-3.81509047868504,-2.30258509299405,-6.48955458266783,1,1.05163416400773,-3.22524940890144,3.72822342968598,5.8346714375436,-1.93657275892141,0.24671737573418,1.29486171080668
"SRR1974546",1.857203245207,4.67837024208913,-2.30258509299405,-6.22946395557845,1,3.5130485590708,-5.5203322568802,2.53628209025393,5.55755474320313,-2.78412528110944,0.1,-0.465693837892821
"SRR1974547",-5.57734373526646,-10.4316239486954,-2.30258509299405,-6.09149051625817,1,0.01,-8.32692542058907,2.45432995105729,5.41836868615236,-2.05393152975877,0.1,3.39855554060093
"SRR1974548",-0.663585913342102,-2.27646395518567,-2.30258509299405,-6.07713866628887,1,0.01,-3.93607346546913,2.45145644230331,6.07444453057537,-1.30209913065996,0.833961039047926,0.722991834915804
"SRR1974549",-0.910309127517268,-1.88932103212055,-2.30258509299405,-6.23557298700801,1,2.59653110511038,-7.45659945234465,2.5759709991197,5.76078837104155,-2.45489148347513,0.1,0.761273803610552
"SRR1974550",73.0747928758113,-35.6622064153551,-2.30258509299405,-6.24062308046207,1,7.29739625108273,-8.86903540457899,1.63204592687861,5.73885831937126,-1.59800704080026,0.1,4.34454352221594
"SRR1974551",-2.79941937504209,-5.86964793502575,-2.30258509299405,-5.86823426326916,1,0.01,-4.62081404252832,3.43046887587981,7.79768054259538,-0.815971337994175,20,1.74134025066724
"SRR1974552",-0.989970927765529,-1.97712739458884,-2.30258509299405,-6.20143817031399,1,100,-9.31753170759868,3.08580816330845,5.70060802488323,-2.30857187511027,0.1,0.857462852116443
"SRR1974553",-0.314122766793919,-0.742199817975845,-2.30258509299405,-6.30370632227315,1,1.53790457326094,-4.67837576110702,3.1962432068665,5.63195831555766,-3.37649691876558,0.1,0.435391806237111
"SRR1974554",46.254089324556,-23.888759736621,-2.30258509299405,-6.06638453855406,1,0.01,-6.45734498377898,1.29771345534002,5.84466743857991,-3.97999830215027,0.1,3.01517100539356
"SRR1974555",83.0295587955414,-38.7227159077605,-2.30258509299405,-5.86145839438256,1,0.01,-4.56553619909837,0.220453081019677,7.29812530734886,-1.4261914948483,20,4.41966436428187
"SRR1974556",-1.65269687056113,-4.34043502871497,-2.30258509299405,-6.03903157236163,1,100,-6.65026334125693,2.07549636111659,5.45818833702132,-2.70033458748695,0.1,1.17723767973672
"SRR1974557",181.914279988553,-53.535806293577,-2.30258509299405,-6.2444283776161,1,1.68467135101892,-7.70636967492,3.20478981888173,5.5980559856555,-2.03532167791711,0.1,3.95818309790933
"SRR1974558",-5.85045039165667,-11.5582713216751,-2.30258509299405,-6.00712917923172,1,0.01,-3.95936927629391,-0.682858284250975,6.47752672403344,-5.42679718714604,0.827839286579792,3.41523093267318
"SRR1974559",0.229986570736865,-2.95462384042108,-2.30258509299405,-5.84710381580755,1,0.01,-5.18225750070649,2.30814655535456,5.55511478635086,-2.64097358917981,0.223914954718075,0.823845488630723
"SRR1974560",-0.866089933654433,-3.05206583680959,-2.30258509299405,-6.07321640006974,1,0.01,-11.4180046264611,1.45245898377031,5.70762937900478,-1.6934674339779,0.1,0.817447901396905
"SRR1974561",-3.39038294400324,-6.52043129192265,-2.30258509299405,-6.23248824620368,1,1.61209413268397,-4.54327760952975,3.6109350146791,5.52142709142367,-3.58560472660493,0.1,2.14918824160286
"SRR1974562",0.0121253378587027,-0.0299117295352112,-2.30258509299405,-6.35196103122947,1,1.47967273971607,-7.3821307894002,2.89858083796194,5.81246366328378,-2.35720366760227,0.1,0.256713825266279
"SRR1974563",-1.51466874479431,-3.32227302968006,-2.30258509299405,-6.1253002487274,1,3.85692152814469,-5.4648487498521,3.19118853011888,5.56805263376288,-3.47987351792148,0.1,1.04939618215979
"SRR1974564",157.897481555741,-75.1881530701061,-2.30258509299405,-6.43325170429347,1,1.15995115426302,-7.40921140199178,4.20839581843517,5.36578499413621,-1.75803190411108,0.1,8.71854013143515
"SRR1974565",-2.13617254535002,-4.23453467990991,-2.30258509299405,-5.98946136605811,1,24.4710504526456,-11.7116842448146,3.49940476968322,5.24910259987087,-1.4781174855058,0.1,1.43195372952697
"SRR1974566",1.38135478253127,3.53048863377364,-2.30258509299405,-6.29774766566173,1,1.51699970926491,-5.22809293506769,3.03557802336328,5.69426334874205,-3.11219533869301,0.1,-0.314090384097947
"SRR1974567",-7.93019262762945,-15.3636835907759,-2.30258509299405,-5.97586948859265,1,100,-4.22172271668774,-0.36550760193679,6.38737519396061,-3.72974148101177,0.470840262873377,4.56693967089784
"SRR1974568",-3.58636210633051,-6.88302272068065,-2.30258509299405,-5.9926501588589,1,0.01,-8.25811602895413,1.92119561283496,5.60685973884245,-2.78050930859353,0.1,2.24255363643326
"SRR1974569",-1.94100017650061,-3.97385463538692,-2.30258509299405,-6.31292640890632,1,1.34700820091068,-3.71800387526838,3.59366022264923,5.57360874893702,-4.00803325644407,0.1,1.29834258022107
"SRR1974570",-4.16281692558498,-7.93256617743368,-2.30258509299405,-6.40911645854232,1,1.99131787188327,-10.1947545623022,1.13776196249299,6.2865223911127,-1.9228056169513,0.1,2.57207262446408
"SRR1974571",-1.0208062270553,-2.11878040025307,-2.30258509299405,-6.18159274350689,1,3.38164842095461,-10.5938037601633,3.30509102533765,5.5615199087608,-1.75211317301147,0.1,0.814673038543173
"SRR1974572",11.7235767517207,-6.78514197651813,-2.30258509299405,-6.18074664574273,1,2.13019397443687,-6.14351063784202,2.74016504200521,5.64832148710409,-2.79883469257022,0.1,1.08733711169839
"SRR1974573",0.759564097822147,1.74571236489355,-2.30258509299405,-6.19295987364394,1,1.87959244505023,-5.8247728064826,3.52381707024139,5.51700655654842,-2.45872203413116,0.116775817210316,-0.00843878339071488
"SRR1974574",0.928117695806913,2.1456434761874,-2.30258509299405,-6.22515536312152,1,2.80336863249055,-5.14738158028439,2.84747980854901,5.7022668939408,-3.5101240458224,0.1,-0.0581930439098156
"SRR1974575",0.646641737286985,0.828986797456497,-2.30258509299405,-6.28959147741396,1,2.65536894151616,-19.1850921957523,4.64769358836192,5.34192601952607,-0.930412561970418,0.1,0.1929964601967
"SRR1974576",-35.9954692169178,-78.0703136853838,-2.30258509299405,-6.17527196505844,1,2.03014281618031,-6.29404557253732,5.21978674857453,4.94196880979116,-1.04867017475272,0.208348656594892,19.5223612213182
"SRR1974577",0.10864,0.700024415033533,-2.30258509299405,-6.16480638551459,1,0.01,-24.8245263150938,5.72022027387089,5.14712441265331,-0.588934510816292,0.14097912745069,4.5543167210135
"SRR1974578",-0.127696817913831,-0.362040520695982,-2.30258509299405,-6.10008116735071,1,4.73894220757249,-11.5710221588743,3.17911120567435,5.43021243357491,-1.5200134738917,0.1,0.327176043811993
"SRR1974579",-5.0046318251873,-12.7423998732321,-2.30258509299405,-6.10824266335938,1,3.5627143888026,-57.9831036789205,13.007202645333,14.1448173616395,-0.117974583538961,1.89121730542992,2.97284455868021
"SRR1974580",-6.47003143913767,-2.24271102688538,-2.30258509299405,-6.12799759326664,1,15.5252876380065,-27.0952352348993,10.3476267235887,7.76595791809521,-0.191410570246182,0.832292402057883,0.780912425245216
"SRR1974581",4.23200787316613,-6.31828658875746,-2.30258509299405,-6.44701786127376,1,0.628346307268546,-2.0985201669555,4.58417108844454,5.86356933006151,-1.35669602556639,0.630553505465636,1.35864308668822
"SRR1974582",2.05066304967477,5.75828463395569,-2.30258509299405,-6.35893334821258,1,0.692890054975471,-3.08294637237026,4.50320159700094,5.71165921369972,-1.55551730790821,0.374221300005309,-0.674304355276835
"SRR1974583",-0.419012839535134,-1.04755301042068,-2.30258509299405,-6.46268854004621,1,1.42799183943071,-8.58124840991509,2.93963563457695,5.6974650409213,-1.61514317628607,0.1,0.498463807329764
"SRR1974584",-5.96842112139838,-11.8006240426458,-2.30258509299405,-5.8977291967353,1,0.01,-4.70640863280151,1.73262920235203,7.81522967457757,-0.894484424790599,20,3.49487919560756
"SRR1974585",0.1096,0.705970673843603,-2.30258509299405,-5.89568347542768,1,5.76265925826716,-4.42728307961736,5.38278316356571,8.27253598874123,-0.521171533659025,12.4705901602036,4.5914176007882
"SRR1974586",-2.66347899970713,0.605369555037823,-2.30258509299405,-6.3107456472034,1,2.11231050719942,-3.75644164889267,3.34383519488996,5.66029117805038,-1.84842408071036,0.237414627668464,0.213642992453576
"SRR1974587",0.782313065911556,1.7713518330657,-2.30258509299405,-6.24713162366949,1,4.73259050063134,-19.8354995168955,2.99397250456423,6.38369924319221,-0.49923267363649,0.235661694148321,-0.00666331526279158
"SRR1974588",-0.614491860072396,-1.29340046330034,-2.30258509299405,-6.04116597120349,1,78.7046473810845,-10.1307565459091,3.42381167214618,5.21719065186022,-1.61280687671622,0.1,0.623203077006149
"SRR1974589",1.54980970479496,3.67286642827132,-2.30258509299405,-6.04145945475825,1,26.1418861990396,-10.1459380545676,4.74635773095688,6.5591068491383,-0.471033217448095,0.827638172672821,-0.301957174161234
"SRR1974590",-0.345996634488683,-0.763056899971057,-2.30258509299405,-6.41174369411346,1,1.61888896655178,-8.98512833845402,3.90535172122571,5.15270898635587,-1.263727662978,0.1,0.482401207201653
"SRR1974591",-5.38840679031882,-9.94214547977377,-2.30258509299405,-6.59635268954109,1,0.471732238342796,-3.8344347839625,4.59356029450669,5.88282857697711,-1.29251257210815,0.346263314628253,3.3143268367616
"SRR1974592",-5.26121446221427,2.91669163560065,-2.30258509299405,-6.49769535489687,1,0.839018543792925,-9.76767067080556,4.64185908322554,5.17402090148112,-1.25261797043919,0.1,-0.185211438908864
"SRR1974593",-0.177584866625146,-0.415245794686587,-2.30258509299405,-6.37650352208586,1,1.88802524838438,-4.07610278072947,3.51798170607226,5.51100379194156,-3.28996300513629,0.1,0.400731237307846
"SRR1974594",76.582459030348,-39.1111531176218,-2.30258509299405,-6.06548343054876,1,2.82863604253894,-8.85319542551422,4.75165828851974,5.07049968807524,-1.08416098566603,0.167333840929487,4.95399430383922
"SRR1974595",-10.7921972262198,-20.5596256490047,-2.30258509299405,-6.19506183735291,1,1.15235855721185,-5.68841898826656,4.46817128649526,5.44982525271397,-1.24692219744665,0.240649771987815,6.04566180486272
"SRR1974596",0.300823986261378,0.614472430696724,-2.30258509299405,-6.22285596869387,1,1.35597105611618,-7.93505335515217,4.45136477376623,5.29295389292476,-2.04626233640342,0.1,0.209170438448434
"SRR1974597",-2.06362127998954,-3.86962299941909,-2.30258509299405,-6.49357814785609,1,0.641576921196109,-4.38140890588691,4.51924635261537,5.41316202608154,-2.12968208519595,0.134127707989302,1.54389345670903
"SRR1974598",1.3338738507103,3.49177978746732,-2.30258509299405,-6.54050566606006,1,0.437767815494968,-3.20272820588061,4.55615872907706,5.74081982085354,-1.70565135154881,0.271759486309251,-0.333733494200041
"SRR1974599",189.79424755585,-56.3303867823099,-2.30258509299405,-6.37674942245393,1,0.749946796419342,-7.35551783266678,4.5030116226579,5.28972069327984,-1.85448169322666,0.1,4.20284176572972
"SRR1974600",3.52908938448277,-4.31716758470037,-2.30258509299405,-6.27430533448815,1,2.34908621129305,-8.56486922858246,2.96309883362312,5.52580088073934,-1.73196154361375,0.1,0.953032324064315
"SRR1974601",86.7705634780607,-35.1613483387487,-2.30258509299405,-6.35577252063491,1,3.57291944271126,-5.77420160812546,0.802678201778524,6.25333548681421,-3.78374059873296,0.1,3.57495056293872
"SRR1974602",63.5968602220891,-29.8697572608508,-2.30258509299405,-5.94604199250967,1,100,-4.09991331028969,-1.31947837755432,6.44011618276055,-6.51176771460613,0.673823880135236,3.29931851305521
"SRR1974603",4.81722505523214,-3.11426368545803,-2.30258509299405,-6.33391486550705,1,3.17380745106067,-15.2005788837939,1.51765814277165,6.11618899122168,-1.20507990682227,0.1,0.566377857908058
"SRR1974604",-2.94132945075316,-5.77863159605375,-2.30258509299405,-6.27087942816022,1,2.08517796670376,-4.33855341162897,2.06929750991545,6.11281766259053,-2.00765873545235,0.292788123172002,1.87246983246912
"SRR1974605",-4.40018578359377,-8.31225833303768,-2.30258509299405,-6.00882288671012,1,0.01,-7.17583719348915,0.985599911932103,5.83517462041786,-2.98808850737899,0.1,2.71125689983232
"SRR1974606",-5.40722947546719,-9.55331486390433,-2.30258509299405,-6.44621806233205,1,0.580110942177172,-1.88452229807906,4.57920037430914,6.01980185455261,-1.32889996310683,0.877295702446043,3.4489980054972
"SRR1974607",41.4081921095127,-20.7123486800704,-2.30258509299405,-6.08770355747107,1,10.3495725573604,-5.88797052374434,0.748962407868064,5.97651600396939,-3.36974685310722,0.1,2.50251784531785
"SRR1974608",22.9287883978966,-11.5232712505282,-2.30258509299405,-5.96995770791991,1,100,-5.62092926757509,1.14685249420031,5.95761903076065,-2.09241189432191,0.248626178620611,1.5346173368676
"SRR1974609",91.1305629846571,-37.0514423490395,-2.30258509299405,-5.96081775492071,1,0.01,-4.79117318676535,1.17521804168017,8.18540580286001,-0.78243171359027,20,3.73433249149086
"SRR1974610",4.73951733200668,-2.69303300271045,-2.30258509299405,-6.29294378056671,1,1.37144046158045,-4.19492320946931,2.13175999006068,6.1517235389266,-1.73601546563936,0.310893175021806,0.557221726599503
"SRR1974611",26.8258626786939,-11.8014900465808,-2.30258509299405,-6.45028288751008,1,2.84322360626629,-2.84316064187347,1.18517247405839,6.01757498364108,-5.73480659430071,0.1,1.32632690831495
"SRR1974612",29.8904288793688,-12.6536052817496,-2.30258509299405,-6.18376936618777,1,0.01,-9.64002432753511,0.982918253914605,5.84516954406591,-1.85477933692971,0.1,1.37920821370338
"SRR1974613",29.3745812791235,-13.6262214454046,-2.30258509299405,-6.1906846123468,1,10.6117717325038,-2.71329714462697,0.954545200930593,7.4754206698338,-1.32895161985018,20,1.6293104758767
"SRR1974614",-2.39372766255017,-4.77217581874442,-2.30258509299405,-6.41270248539511,1,2.79064473787816,-3.36482738525295,0.913077845599169,6.15457036913748,-5.1943835507741,0.1,1.55970929660499
"SRR1974615",-1.27429557779604,-2.75319206054032,-2.30258509299405,-6.00230763238934,1,100,-4.88373156995578,1.81270763398524,8.07539787170209,-0.842587756132479,20,0.921835147757242
"SRR1974616",18.6994202495191,-8.12281130707457,-2.30258509299405,-6.1553302476226,1,100,-5.75071929790078,2.07831819087407,5.7233965810276,-4.3135503598675,0.1,1.0598387925315
"SRR1974617",-4.94067167667397,-9.33664209013163,-2.30258509299405,-6.0327331698703,1,100,-4.22678918658936,-0.135839856238904,6.91374807871341,-1.49516167006274,2.69519892676809,3.00884548571885
"SRR1974618",-6.48457714448581,-12.7206276086405,-2.30258509299405,-6.00143396199214,1,0.01,-7.1254735554127,0.577429776945387,5.77893283436657,-3.03973400469566,0.1,3.7679018343443
"SRR1974619",-1.21632943982908,-2.64142430880419,-2.30258509299405,-6.24166070223638,1,5.67442876909182,-5.02477638967186,0.339405601934661,6.23794717541225,-4.51064894424106,0.1,0.889938101023973
"SRR1974620",1.83517001572817,4.99350061794045,-2.30258509299405,-6.21137021561558,1,15.1028340118501,-4.54275237070134,0.658567934214705,5.85782176093941,-3.33588779112723,0.1,-0.516673225824742
"SRR1974621",-5.41047846093672,-10.7555649296046,-2.30258509299405,-5.94785809943954,1,0.01,-4.88628672720288,1.57959418971923,8.05547237784128,-0.809741581492748,20,3.17276018014499
"SRR1974622",19.8794330526694,-9.5801224337938,-2.30258509299405,-6.14800123902444,1,23.8105060747691,-3.6261858813675,1.38921811560236,6.17536029559128,-1.31167079789908,0.665368800975513,1.19454413651869
"SRR1974623",3.02494622088224,-2.07032207613261,-2.30258509299405,-6.36501795649229,1,2.78578564976807,-6.1953192929801,2.39706339875687,5.67798975108477,-2.42428567543409,0.1,0.499821540191839
"SRR1974624",47.4295200261528,-22.1495244757621,-2.30258509299405,-5.98136781699129,1,100,-9.66783642455061,0.229339172489348,6.06790976689309,-2.44040359761417,0.1,2.46965070528638
"SRR1974626",40.6748218732249,-17.9762960695959,-2.30258509299405,-6.18419003511529,1,3.70924527542575,-8.92317577349009,1.23867011536531,5.98642894768843,-1.77573539698759,0.117739369916867,1.9658299897487
"SRR1974627",2.1448707873662,-1.8178207853603,-2.30258509299405,-6.14655404508227,1,22.1469272249876,-13.5942762576742,2.67709290715345,5.54601896408526,-1.31102159274428,0.1,0.490754104777923
"SRR1974628",42.2034334115426,-17.8839685515444,-2.30258509299405,-6.00848203091548,1,0.01,-17.4490828810427,1.78590198429123,5.68390607480032,-1.15599290369604,0.1,1.8729704645253
"SRR1974629",115.757604762388,-51.900641418509,-2.30258509299405,-5.98843110886175,1,0.01,-9.33562781367271,1.34871433508963,5.66082307346679,-2.03807528458244,0.1,5.705216935315
"SRR1974630",20.7824489091691,-11.5784199938509,-2.30258509299405,-5.91664747138664,1,0.01,-5.2623523062865,3.24945401783659,8.63759504929317,-0.569678068047016,20,1.58317117384098
"SRR1974631",-0.79388898879997,-2.42071406805336,-2.30258509299405,-6.19642489951112,1,4.30506763911116,-7.23917836296383,2.09215581549746,5.71076520475513,-2.34858508418953,0.1,0.713731130859473
"SRR1974632",0.975560136467332,2.08354298293631,-2.30258509299405,-6.02118530659152,1,0.01,-28.8967955348205,38.5829081158286,-4.15423958282788,-0.309039279575772,0.122440529159324,-0.014267631316862
"SRR1974633",19.7198980158577,-10.6044967946307,-2.30258509299405,-6.17911466150894,1,100,-3.9364154316009,0.501818930206551,7.89073089447018,-1.12805178535702,20,1.37722394299768
"SRR1974634",-4.41641636735746,-10.3203785101659,-2.30258509299405,-5.99183367121326,1,0.01,-17.7095625376817,2.59100029571219,5.4156817311429,-0.771737467310862,0.134274143934266,2.52159378484966
"SRR1974635",42.9615742836284,-17.1105037849452,-2.30258509299405,-6.01569156901866,1,100,-11.6988840445592,1.67569421289616,5.65063567033369,-1.60352939462198,0.1,1.76798667293082
"SRR1974636",-7.33943931967116,-0.0707924524693914,-2.30258509299405,-6.262486871441,1,2.83713737149001,-3.05718752740361,0.924815775198665,6.13392866184625,-3.95748718073725,0.186282069027158,0.645768455935522
"SRR1974637",0.929227356488795,2.34876676539886,-2.30258509299405,-6.41764231979587,1,1.47335967733943,-5.46846925445952,2.59054878986099,5.91949953702984,-3.18167299275045,0.1,-0.153067157859313
"SRR1974638",24.60333583688,-14.6010314810178,-2.30258509299405,-6.1483717153151,1,8.24328338327611,-15.4134780350653,2.13133424421836,5.71092486402912,-1.18487540781793,0.1,2.07523738481226
"SRR1974639",0.886274136704658,1.89239687550868,-2.30258509299405,-6.03197015193796,1,0.01,-7.60786861650825,2.85204722110877,9.00704011735979,-0.506670140638308,11.5566009991675,0.0368010483552028
"SRR1974640",28.9481322996374,-13.2517288930953,-2.30258509299405,-6.21011530849148,1,12.6344208323863,-2.93595895766545,2.02121917618882,7.94995339012746,-0.845663950808304,20,1.55677621968145
"SRR1974641",16.3817144705252,-7.76047821619579,-2.30258509299405,-6.61818959598006,1,1.19748303048016,-1.82484856958331,2.36838722989321,6.04850704874156,-7.01868873062468,0.1,1.06897493125965
"SRR1974642",1.71258851653345,4.16846004597881,-2.30258509299405,-6.34673877436465,1,4.767505681965,-5.55629124314806,-0.234750086689901,6.63439637526042,-3.72199618817451,0.181296182444937,-0.385302711043698
"SRR1974643",-5.6404916454343,-11.1718522926172,-2.30258509299405,-5.97823440639141,1,0.01,-4.61060586441635,0.555615624359049,6.81622837654252,-1.17523075698285,2.65195868551242,3.29848594857895
"SRR1974644",-0.739739622110522,-2.67392943685639,-2.30258509299405,-6.40352432746756,1,1.08536827055688,-9.0884372683357,4.14140358671987,5.34866478153007,-1.52374097218166,0.1,0.820027615858683
"SRR1974645",1.08682438126182,2.22712152069513,-2.30258509299405,-5.9927100132712,1,100,-8.33424277497949,2.19347849197303,5.46628506487819,-2.49179157472293,0.1,-0.0653415912009438
"SRR1974646",15.1486091684217,-4.67027149237422,-2.30258509299405,-6.54492042217975,1,1.83854131092745,-58.8600822958915,5.14477924825956,14.6919824056701,-0.198276816186334,3.59845616417279,0.518755224648555
"SRR1974647",-3.42769982697258,-6.78765721513165,-2.30258509299405,-6.36741464809926,1,1.34900339002671,-3.03316520800795,2.42129989430234,6.16197307854754,-2.04306706106486,0.378587498135899,2.18920475625309
"SRR1974648",-56.4335140778331,-126.635632588644,-2.30258509299405,-6.03320349838599,1,0.01,-4.94859911776098,4.54096902411708,7.99887511448027,-0.442184174890233,6.91576245518618,30.0778336847595
"SRR1974649",2.55529196054093,0.819536123086394,-2.30258509299405,-6.01624143602193,1,0.01,-12.4969400424463,1.55868739856646,5.620282440469,-1.58518326988813,0.1,0.105855354707822
"SRR1974650",-0.910955113017963,-3.06178766639101,-2.30258509299405,-6.25076248454105,1,7.78655773628194,-26.1905341463482,11.6117694574741,8.47993932936487,-0.107314917179109,0.866848317054635,0.817510773913519
"SRR1974651",-0.582703022947305,-1.436045334706,-2.30258509299405,-6.35118016021186,1,1.72117449154058,-4.64066532517643,2.13980280686019,5.89994445533625,-3.45942212118568,0.1,0.552678376566414
"SRR1974652",103.277055747826,-35.8986002677754,-2.30258509299405,-6.26412638564042,1,4.00501746320285,-44.2914721169418,4.61752564279425,12.8821627115368,-0.239125043111359,4.12098747077267,3.14895319530034
"SRR1974653",24.0072073074308,-14.013972826393,-2.30258509299405,-6.131309986554,1,2.65936969397243,-4.79036421024441,1.49049116300631,5.97608023455907,-4.3090908888106,0.1,1.90925841624986
"SRR1974654",1.2613477134568,1.98927565017335,-2.30258509299405,-6.10727942196099,1,100,-25.3514984077436,6.11416070420669,7.87962245094014,-0.235076595176813,0.740611581898072,-0.0469219841374166
"SRR1974655",-2.89784532192792,-5.69527765839767,-2.30258509299405,-6.1808717418447,1,9.88846773018641,-9.27112112485768,1.73346609135116,5.85265871087184,-2.16046614534171,0.1,1.85037392457397
"SRR1974656",0.6404356390831,1.47431097404153,-2.30258509299405,-6.15324796461455,1,100,-6.66388015397637,0.71384440776723,5.93793317590609,-3.12669128752605,0.1,0.0137189637670074
"SRR1974657",-1.40548289706125,-2.9891557992393,-2.30258509299405,-6.22031338594449,1,45.4908172065046,-10.2645028398261,1.1466175674511,5.96649034779745,-1.95607287688001,0.1,0.994896052460068
"SRR1974658",91.299874342282,-37.0830695316212,-2.30258509299405,-6.00967287090477,1,100,-14.0216630899699,1.82163070691692,5.7322294413297,-1.49363020322552,0.1,3.7155387697196
"SRR1974659",0.1096,0.706130809026627,-2.30258509299405,-6.02366474047534,1,0.01,-4.79016786832914,0.809217276212091,7.57165797137228,-1.10631757502949,11.689322677153,4.59300621486368
"SRR1974660",26.8137876332521,-12.4525137892719,-2.30258509299405,-6.06335196717294,1,100,-100,6.50151511681155,16.100557182716,-0.167548439388883,3.36832455758615,1.53074619565268
"SRR1974661",0.942378159011786,2.31298836481949,-2.30258509299405,-6.25870162695991,1,3.97870441332603,-3.21085985480427,1.24798118942659,5.91255605743596,-5.4343509333597,0.1,-0.133809865223348
"SRR1974662",93.6028921102304,-42.7816803620128,-2.30258509299405,-5.99057267584916,1,100,-7.29436360386168,1.53690059603785,5.64275860311499,-3.05224746368671,0.1,4.79423768963889
"SRR1974663",4.79977285877096,-3.7848126062255,-2.30258509299405,-6.3400186618047,1,3.46419276524814,-8.25165434504965,0.13682210028035,6.46746896412025,-3.20075909769823,0.1,0.6732074488406
"SRR1974664",78.3145020830137,-36.7419149721016,-2.30258509299405,-6.83815799971017,1,0.908993787364684,-2.4716499087354,3.57885157795345,5.92224370312497,-3.97902841213351,0.1,4.21139740833688
"SRR1974665",-14.1566114850211,-24.0346229003073,-2.30258509299405,-6.43574792207979,1,0.887087633053177,-7.15910081627935,4.29581337719099,5.40803336191234,-2.02645198167877,0.1,8.41066896102611
"SRR1974666",-2.63041218514802,-4.93138057302925,-2.30258509299405,-6.58847160203286,1,0.489359937908945,-3.75914035844299,4.52841177227799,5.52221907076198,-2.36028322240931,0.142519256156789,1.81305813331705
"SRR1974667",0.854127260355864,2.10730114348689,-2.30258509299405,-6.48372931632804,1,0.857235210731748,-3.58476093217228,4.18165808742621,5.5167155966774,-3.79863212157013,0.1,-0.110397270224135
"SRR1974668",141.144464178896,-43.3294949827323,-2.30258509299405,-5.92680241298094,1,0.962244277136821,-6.46294040691273,4.61977240681393,5.13381434092139,-1.83533140437149,0.139515660164379,3.30947379076431
"SRR1974669",11.3973946276398,-6.12200384674364,-2.30258509299405,-6.71610879684182,1,0.535850973337418,-1.25014352793541,4.5373736285922,7.84141526559676,-0.921411422371557,20,0.937933086844063
"SRR1974670",-1.04219620015992,-2.37382641084508,-2.30258509299405,-6.71283792913137,1,0.955395831128095,-3.09674370836226,3.03140948896264,6.17150685573577,-2.09767945513923,0.252678725366281,0.794188709637381
"SRR1974671",1.7720922506288,4.85111724867351,-2.30258509299405,-6.7815355781928,1,0.443142846809987,-0.813254586635555,4.59236537305512,6.42499785795094,-1.29246000020781,1.62369145793062,-0.536273837251667
"SRR1974672",19.198378540141,-10.7969324459623,-2.30258509299405,-6.59565558581956,1,1.45104988572965,-2.13733483693142,2.51559891999612,6.00456090265866,-6.56466165137026,0.1,1.54167863574737
"SRR1974673",53.3848340196452,-23.5175164686579,-2.30258509299405,-6.59835051370803,1,1.72156199382059,-5.27039474595643,1.82928167488276,6.17004219107938,-3.02322611788242,0.1,2.61660303693206
"SRR1974674",35.8305994630318,-16.6561537557984,-2.30258509299405,-6.05074490632897,1,0.01,-16.0841061981633,2.03057951555236,5.45711546657342,-1.02988917161695,0.1,1.88892895645332
"SRR1974675",19.3311622433432,-9.81495371254223,-2.30258509299405,-6.53264783080475,1,1.45339564236839,-5.96818550195577,2.25033215863651,5.75599626212218,-1.94043693888146,0.1,1.34448330383071
"SRR1974676",3.15807631486859,1.55044192994858,-2.30258509299405,-6.62927105632893,1,0.869008295740243,-1.91677699441813,4.28980037128638,7.20307078737221,-0.796367370180448,4.04885334427774,-0.160975527125814
"SRR1974677",16.0797275247449,-9.9997472616173,-2.30258509299405,-6.01612317630178,1,100,-5.92358769194177,1.87319412161138,8.23722675380746,-0.61974496680001,8.30400860561188,1.30726738091511
"SRR1974678",-2.03929293899109,-6.44461539662198,-2.30258509299405,-6.01633404673478,1,14.0088447983021,-10.9127359551074,2.4118438892504,5.66834084837138,-1.86662823366832,0.1,1.63526932989923
"SRR1974679",-6.98223452659597,-12.8149404909555,-2.30258509299405,-6.04449607378109,1,27.9486021307654,-21.6721344331977,2.66824836609385,5.80940727244326,-1.08700595158491,0.1,4.17776285653441
"SRR1974680",-1.67231261088067,-4.94896173170548,-2.30258509299405,-5.99984579007533,1,100,-11.0627205430655,1.3796176386019,5.77320094511894,-1.89566224282082,0.1,1.20449930252742
"SRR1974681",58.3822268011905,-27.2706436078992,-2.30258509299405,-5.95160685815054,1,100,-4.74727470634244,1.17170539416928,7.74526479109115,-1.0496686775558,20,3.07881394760196
"SRR1974682",1.43079792785577,3.36902437316256,-2.30258509299405,-5.97916339782644,1,100,-5.82170811264376,3.11016155362183,8.99810421099295,-0.556977513583333,20,-0.255058333729342
"SRR1974683",0.534994717111085,1.11955519814345,-2.30258509299405,-5.89932613998987,1,0.01,-4.97783939063253,3.06062071168201,8.15659990707719,-0.726888166461062,20,0.119827895175954
"SRR1974684",88.8649038700555,-44.9799887183898,-2.30258509299405,-5.93007382321254,1,100,-5.21317250072285,2.56465532591484,8.42870688050968,-0.636091194984801,20,5.51584533802797
"SRR1974685",15.0631081477437,-7.06034524549651,-2.30258509299405,-5.90797058230402,1,0.01,-5.11540950513861,2.99090063369959,8.42966796777023,-0.650245757059262,20,0.993478901045057
"SRR1974686",82.6597238856841,-40.3054495571097,-2.30258509299405,-5.91350952461817,1,0.01,-4.94020007229484,1.65999421911829,7.99428773563866,-0.793660409274704,20,4.81407861597949
"SRR1974687",154.918957549494,-73.1140007433115,-2.30258509299405,-5.87616460966387,1,100,-6.78258803093005,1.369158215817,5.85831163220852,-1.8880453836288,0.239108740239096,8.36037242580118
"SRR1974688",17.6062096953108,-7.59085390496372,-2.30258509299405,-6.21967071083679,1,2.54469383296038,-4.6387510557969,1.31210095380371,6.10267690223988,-4.83676582589683,0.1,0.990159495199254
"SRR1974689",1.43433885651582,-3.49187452851005,-2.30258509299405,-6.13004232748845,1,6.48025838205351,-4.5306338126523,1.31616689447867,6.18690435379193,-2.18921310455997,0.303825295676982,0.804086212005417
"SRR1974690",-3.39515882609512,-6.45252509136096,-2.30258509299405,-6.32287242713975,1,2.17436481273568,-9.37630879465697,3.39746081092708,5.65968836090373,-1.90910445622855,0.1,2.17795873469687
"SRR1974691",12.5859403792214,-6.69651444092729,-2.30258509299405,-5.87173982861657,1,0.01,-4.39207587243553,0.682351032061273,6.43668906604399,-2.03354645469324,1.74082152121476,1.03331303653774
"SRR1974692",-1.22970873111852,-2.68467327176964,-2.30258509299405,-6.12716581163003,1,4.83529123854764,-5.33448791362874,1.20413560589613,6.00369620681212,-4.1910197053652,0.1,0.896445483122861
"SRR1974693",-0.661896348133434,-1.51147755097009,-2.30258509299405,-6.11263600947795,1,5.05462960217086,-6.96796938521417,2.61663481540088,5.68787420363622,-2.82650175870479,0.1,0.60165003996431
"SRR1974694",-7.17980029708676,-13.1012597071104,-2.30258509299405,-5.9080816632714,1,0.01,-5.57635487308281,1.77256565973855,6.21964462561373,-1.12480008571056,0.774271845442668,4.29100440990089
"SRR1974695",7.31378200762931,-6.00899228138159,-2.30258509299405,-6.13511900362541,1,0.01,-18.8253525961509,2.78017870678353,5.41871367534253,-0.873214951312328,0.1,1.09814151436634
"SRR1974696",26.9951172532232,-15.9204293879239,-2.30258509299405,-6.16051481332836,1,6.01107088531993,-5.53924572092198,1.50342009225537,5.92093318326814,-3.79858561933678,0.1,2.13479164826861
"SRR1974697",0.236548946743546,0.604902667241696,-2.30258509299405,-5.93655827985108,1,0.01,-3.77616742148355,2.02620335490775,7.64338562888022,-0.936597945705908,20,0.427463292665581
"SRR1974698",10.0385227619185,-5.18240716917087,-2.30258509299405,-6.16845346462869,1,3.44134181405308,-4.19569014829908,1.49945515317985,5.9838027863336,-5.06925021095769,0.1,0.833962530844263
"SRR1974699",-1.45553145666639,-2.85175287937747,-2.30258509299405,-6.2345680583531,1,2.36345126651922,-4.5147930475742,2.46384846186583,5.88621490329216,-2.54663258442822,0.180867839536386,1.1133291687026
"SRR1974700",2.14233288985654,1.27169090528394,-2.30258509299405,-5.8662563354778,1,0.01,-8.25627639079464,1.40344827391206,5.47531775574928,-2.71368795807119,0.1,0.100036813058702
"SRR1974701",-3.60761610680569,-6.96773203937703,-2.30258509299405,-6.03273740467549,1,16.5148601664629,-11.4131918387385,2.37654567037026,5.69774619292254,-1.79871983913762,0.1,2.25533209648051
"SRR1974702",-1.68893951603928,-3.29308538773936,-2.30258509299405,-6.38316781090317,1,2.12766449677312,-7.80066017395605,4.32527967686327,5.03842911803391,-1.59596626337256,0.1,1.22480971420205
"SRR1974703",-2.6087734461273,-7.29722776620182,-2.30258509299405,-6.21499844392848,1,1.60327303855971,-3.01922538999796,5.06260180399457,7.28432838835249,-0.61557989145968,4.73058871513254,1.73484662223275
"SRR1974704",-9.31859822838453,-16.901407818435,-2.30258509299405,-5.92743502232184,1,100,-6.30035847457869,1.78558468162851,5.35114061817127,-3.50109576911974,0.1,5.51004649146765
"SRR1974705",128.062617163262,-59.2241148231305,-2.30258509299405,-5.98081767672083,1,100,-4.25838626247647,-0.0197368167160431,7.63865299107985,-1.27112865382376,20,6.5992241333404
"SRR1974706",2.90407394296848,-2.3398862168325,-2.30258509299405,-5.86965975097371,1,100,-4.49355430034236,1.72677950664096,7.33948452165443,-1.15876019871188,20,0.563457002294229
"SRR1974707",1.26299724841295,2.085444164234,-2.30258509299405,-6.23294366309594,1,15.2721172279691,-4.44889854419044,1.10555293458408,6.16643257129939,-1.48533861774017,0.387467973314245,-0.0950667500602436
"SRR1974708",-8.24004638945198,-14.8367062735373,-2.30258509299405,-6.41955728888712,1,4.3551941700044,-3.40599033769573,1.90188540671835,5.74895306991111,-3.94662958372302,0.1,4.84191798940931
"SRR1974710",-2.05020023766537,-5.24752256671858,-2.30258509299405,-6.31870843796812,1,7.20605710749049,-34.8544301227266,16.1911496255269,8.54305952429538,-0.101337768611721,0.851886034662248,1.39550955962879
"SRR1974711",2.2051962828893,5.90300081426647,-2.30258509299405,-6.36610695611241,1,4.52638886363735,-5.79023399271591,0.702268988336645,6.13029144297294,-2.78594083650054,0.1,-0.676903905898168
"SRR1974712",8.19175109076587,-6.68505016178809,-2.30258509299405,-6.00458519903081,1,0.01,-6.56741669803192,2.56412851180764,5.37036499485818,-2.89819666255207,0.1,1.24808482723926
"SRR1974713",0.1096,0.706113829629936,-2.30258509299405,-5.99271341800785,1,0.01,-21.499445510306,4.07929093853282,4.83021026731865,-0.723513030538513,0.1,4.5928250421649
"SRR1974714",82.7055872420382,-38.1194669993047,-2.30258509299405,-6.15950614212557,1,19.7193974440449,-5.38953694101714,1.5387798170843,5.73568636850017,-3.37533054107893,0.1,4.29898737530846
"SRR1974715",29.8505698357171,-15.1972940245708,-2.30258509299405,-6.11564837782634,1,5.74866049569346,-4.9589890523335,1.18138021461765,5.96219446764078,-4.11573712704191,0.1,1.93914588105099
"SRR1974716",-2.20519796551243,-4.45802428889394,-2.30258509299405,-6.1664583185676,1,5.57788545563319,-7.55734910289304,1.01082023823078,6.05901104178374,-2.65769761540856,0.1,1.44633854919892
"SRR1974717",-1.56962768509131,-3.90633637916166,-2.30258509299405,-6.20517887053274,1,3.71857652773015,-6.08160206268851,2.15257640350331,5.83200677227683,-3.11401818404343,0.1,1.10542874202614
"SRR1974718",41.394989453766,-20.0567492219491,-2.30258509299405,-6.02131622672839,1,0.01,-12.9925893284128,1.32852732987704,5.74302963294932,-1.60242445495385,0.1,2.45048823591909
"SRR1974719",127.380414069654,-55.698064891717,-2.30258509299405,-6.03698991306146,1,0.01,-4.63850256543898,0.543718508516864,7.70618678598587,-1.27253127161452,20,5.96257630404144
"SRR1974720",-8.26651060059418,-17.7651211903575,-2.30258509299405,-6.06637022778558,1,100,-6.15896477601859,1.85767636582465,5.76743971030065,-3.02663149571632,0.115491104814025,4.63758470296702
"SRR1974721",-0.507647074907157,-1.1733239921223,-2.30258509299405,-6.34350554363419,1,3.60372773914151,-5.18218367676219,1.69470076373019,6.02646599957144,-3.57183158972059,0.1,0.528694856607207
"SRR1974722",-1.57105437222704,-4.17376457310153,-2.30258509299405,-6.13983674589357,1,7.54957718124384,-9.11706014859063,2.35836968559864,5.75703842600243,-2.27679704298633,0.1,1.1377687040185
"SRR1974723",-1.68361896909745,-4.10652341999992,-2.30258509299405,-6.06991352622143,1,8.16587079045109,-4.8988708281238,1.63841912029825,5.88948437315227,-4.77260537598457,0.1,1.1607881201563
"SRR1974724",18.5540145683527,-9.99237863008727,-2.30258509299405,-5.91668848804643,1,0.01,-8.78853033533438,1.63609720707257,5.50197846144579,-2.4314524447913,0.1,1.43761052618375
"SRR1974725",-0.866984429978017,-2.46878999409527,-2.30258509299405,-6.06728632648744,1,100,-5.03272899111073,2.48070619225055,8.62101851661109,-0.641937783486262,20,0.735479893078387
"SRR1974726",-1.58235570610363,-4.13783862566488,-2.30258509299405,-6.17929520997821,1,3.97612801377184,-5.20533130183291,2.28844205404964,5.78473224612672,-3.82037919854486,0.1,1.13643943393039
"SRR1974727",23.1148653437904,-11.850929153938,-2.30258509299405,-6.22405825621881,1,0.01,-23.951573116662,4.07603388629078,5.64234388297504,-0.548610726413854,0.160543400361348,1.59327822990036
"SRR1974728",3.46435382378655,-2.47188404842154,-2.30258509299405,-6.16415018587232,1,6.22355248926292,-5.04087682626682,1.66487668279879,5.91752617985392,-4.11093485483767,0.1,0.564030305272318
"SRR1974729",97.1149902472628,-48.7407989606793,-2.30258509299405,-5.85322763751016,1,100,-4.68894535532437,1.31059392444773,7.39134242904478,-1.15996499419486,20,5.92536140428666
"SRR1974730",7.13773719426475,-5.31222693512133,-2.30258509299405,-6.11027078417285,1,100,-5.62002127634402,1.04675722307023,8.36229971073018,-0.629400323568569,8.50161732746081,0.926778478299866
"SRR1974731",-1.13979868948042,-2.51558901365101,-2.30258509299405,-6.1560116030518,1,4.01619690610023,-6.78661496687874,1.73276898486694,5.92276080551803,-3.00006310148572,0.1,0.85830504421234
"SRR1974732",3.05737626390136,-3.40876786271063,-2.30258509299405,-5.98374919308067,1,0.01,-7.44492736463856,1.81484995720903,5.73956767253645,-3.15784907502764,0.1,0.778862346390843
"SRR1974733",28.1506480583453,-15.168482340612,-2.30258509299405,-6.09938170922748,1,7.69837268234215,-6.0980579001628,1.10376861190335,6.01854858544107,-3.75499174447684,0.1,2.01409240270976
"SRR1974734",1.6000554799041,3.98001269407171,-2.30258509299405,-6.15357534319083,1,0.01,-5.10960738624184,1.02279338851174,5.95782425976128,-4.3970089616931,0.1,-0.356661258376024
"SRR1974735",67.4706122862438,-34.1754956133505,-2.30258509299405,-5.86334030759491,1,100,-6.22571286067571,1.58641110764521,5.70305479936457,-1.51664981002369,0.338670552861169,4.20140930071923
"SRR1974736",16.3438032901565,-7.45635301089917,-2.30258509299405,-6.06565904199872,1,12.1990668731987,-5.39830133481497,1.09921689764189,6.00600324578632,-4.41448906542571,0.1,1.01653989689381
"SRR1974737",-3.15493515888637,-6.16138145715632,-2.30258509299405,-6.26385567427845,1,2.62491145898217,-3.71363112906536,1.95763327547108,5.99173981882344,-5.82634154695907,0.1,1.99636211656035
"SRR1974738",-35.5378611089617,-75.4849281415421,-2.30258509299405,-6.18856640436368,1,9.11214066831713,-6.82944732590889,1.95193900303953,5.88694228136663,-3.29963842397458,0.1,19.4002028843385
"SRR1974739",25.5358411902346,-11.3669100717366,-2.30258509299405,-6.03266085570765,1,33.6134861025785,-8.03708122161419,3.95993395156042,7.71335797566679,-0.487065481889056,2.70116895644238,1.40601339822167
"SRR1974740",0.513728346907662,-0.774342420148508,-2.30258509299405,-6.28335754736683,1,2.57926434554464,-7.98366911358472,2.60718749642508,5.86844840036674,-1.95871994397716,0.123632112353278,0.358359296302216
"SRR1974741",-1.56184042256628,-3.8999595636258,-2.30258509299405,-6.22660244129216,1,3.96175119183659,-4.44208242329236,1.37694717779811,6.04897899524747,-4.7520217406816,0.1,1.10360845058214
"SRR1974742",0.1096,0.706097493029904,-2.30258509299405,-5.96658670116086,1,100,-8.55707241373265,1.71049697640029,5.64785938415895,-2.43995358696053,0.1,4.59262141950537
"SRR1974743",-2.49362546509861,-4.73605093649141,-2.30258509299405,-6.1659357105713,1,4.59263010925399,-6.7288196350421,1.91575131970365,5.91206668406228,-3.2095038111992,0.1,1.69433897366002
"SRR1974744",0.704001477877858,1.64122453535156,-2.30258509299405,-6.27452047554327,1,2.81941144320992,-4.67182493983992,1.63981921034866,6.05339910575764,-4.63207626525487,0.1,-0.0082156820021718
"SRR1974745",37.6204523609138,-19.1160069509809,-2.30258509299405,-6.04345884894596,1,13.9201843686957,-5.27260910406737,1.3505977895182,5.94293388728787,-4.63035453758652,0.1,2.43920872096361
"SRR1974746",-10.5543336516655,-18.8192877531802,-2.30258509299405,-5.86407380481406,1,0.01,-5.41952442216082,0.74946230840898,5.8149049801425,-4.44510187115979,0.146818708975051,6.14599807933361
"SRR1974747",106.015861254887,-52.0947954717443,-2.30258509299405,-5.87583460395331,1,100,-6.74317092674506,1.16826931361963,5.79294661564054,-4.25004034548084,0.1,6.15972964224177
"SRR1974748",-0.447488260642584,-2.67812667625144,-2.30258509299405,-6.05622775641154,1,100,-8.10662731770367,1.90661347516008,5.52054325540985,-2.16022880363264,0.1,0.788566067215171
"SRR1974749",-8.10865046343924,-14.7435176501243,-2.30258509299405,-6.03507481175924,1,3.12761525140318,-8.7118503240282,4.59946951561095,5.10504235157211,-2.01876898371816,0.1,4.83517425343003
"SRR1974750",72.0236190816856,-33.2210321304847,-2.30258509299405,-6.06699844810296,1,25.0369252440071,-4.31814245951706,1.67817391147402,6.11492920863085,-1.9442906032058,0.413142880693566,3.81699220228888
"SRR1974751",6.50972582615645,-3.77888082846915,-2.30258509299405,-6.00384508353834,1,0.01,-4.55881868708758,1.22831602362476,5.88059906040858,-5.2436512546752,0.1,0.697053716953777
"SRR1974752",24.1566777608296,-14.7255407970599,-2.30258509299405,-6.0883967058099,1,0.01,-18.2557731487835,2.10889233114144,6.62131492517295,-0.560182689488262,0.329907275440655,2.14094358248233
"SRR1974753",0.330868578679192,0.748276777905871,-2.30258509299405,-6.41942109357539,1,2.05858818533194,-5.15128693048421,2.1915614583752,5.95002399990671,-3.4087295913278,0.1,0.124070211699882
"SRR1974754",1.58379227095564,4.01046044553651,-2.30258509299405,-6.17802124968676,1,3.21325736251672,-4.77685613071891,1.47583591489631,5.99197843687153,-4.37684539092875,0.1,-0.384587318530786
"SRR1974755",-3.25128291477301,-6.0153400238062,-2.30258509299405,-6.5726641905283,1,1.07682634872462,-2.06506616567173,4.47475933041129,7.01371096529884,-0.737600755423678,3.27180952572354,2.18693530934433
"SRR1974756",-2.7118716523643,-6.2136094099963,-2.30258509299405,-6.00020217873052,1,0.01,-15.2217106309986,3.46467153363741,4.96557443976055,-1.04370849313652,0.1,1.69806108424595
"SRR1974757",-2.29445393259881,-4.33921229506344,-2.30258509299405,-6.33313289159246,1,1.06464744101234,-5.7494005476667,4.16925138300134,5.43016222188187,-1.72332220688447,0.149980031475908,1.61334508909716
"SRR1974758",-9.8069970267488,-18.9022823069363,-2.30258509299405,-6.39410299124421,1,1.16801913772959,-6.21855580178122,4.63667451746398,5.84356553741855,-0.916305000713181,0.368108074352674,5.50883328595501
"SRR1974759",-1.54072096909556,-3.24112317789868,-2.30258509299405,-6.05722900803077,1,0.01,-17.2722528439988,0.502121107086583,6.12995895288132,-1.22935606724865,0.1,1.06954771237694
"SRR1974760",0.210744392649519,-1.55564923208131,-2.30258509299405,-6.20931622475165,1,2.21521440972072,-5.48146250209698,3.22187310580165,5.51831288087788,-2.99670427051193,0.1,0.525246315965273
"SRR1974761",0.980339824377453,2.39280455162725,-2.30258509299405,-6.30369228242681,1,1.31460454656405,-5.17742345347342,4.30874430343868,5.33039536904344,-2.7199334037843,0.1,-0.141959363228905
"SRR1974762",68.9589976239329,-33.266256113806,-2.30258509299405,-6.21179673902423,1,5.69380432270689,-8.44764204720186,1.87578354824485,5.67539632316789,-1.92175383814585,0.1,4.00925051048485
"SRR1974763",0.166696351361006,-1.42531117199106,-2.30258509299405,-5.88043351216909,1,0.01,-4.56398372378056,2.75704137548369,7.71186016602786,-0.890139846841967,20,0.539878735373005
"SRR1974764",0.982226349326272,2.53496836127778,-2.30258509299405,-6.35956900184051,1,1.25928522805535,-7.8787828092333,4.38558759646163,5.38377321093948,-1.75715572769729,0.116788705227337,-0.212447541774502
"SRR1974765",-0.355084487086069,-0.784340731900776,-2.30258509299405,-6.30942336334935,1,1.86330796933132,-5.37605624274798,3.40622050679913,5.54430885788885,-2.91446051133902,0.1,0.487112260949013
"SRR1974766",1.35158862438588,2.93936420576513,-2.30258509299405,-6.32413394652164,1,1.17806572236283,-5.29767311377952,4.18592794885497,5.34506060746061,-2.7435333481807,0.1,-0.248505410691442
"SRR1974767",10.6858240927953,-5.15992698401794,-2.30258509299405,-6.34735112054697,1,3.39027378369821,-14.4820739624347,0.347576382431071,6.56625112562265,-2.02820955024506,0.1,0.690584154168566
"SRR1974768",65.6378859674327,-30.682134655702,-2.30258509299405,-6.48346293182564,1,1.19878878131379,-7.70261724200543,4.40607179629268,5.4056564837868,-1.16554988055814,0.160167521591248,3.59040523828607
"SRR1974769",-2.21495074115823,-5.07601256528425,-2.30258509299405,-6.21912245319362,1,2.08758814750297,-8.20215602693814,3.34389845354536,5.47978780743493,-1.98061055763028,0.1,1.43131993536485
"SRR1974770",2.12384072959373,5.75044872251175,-2.30258509299405,-6.55697978582833,1,0.940152406754661,-1.57160630473617,3.82686336476673,6.71541604351049,-1.12488595060647,2.48917227506592,-0.647328278387377
"SRR1974771",1.465484865709,3.77718076222031,-2.30258509299405,-6.19424881981954,1,2.15938513471023,-4.61040823007354,4.10086957684055,5.43618161934068,-1.56460281021466,0.241855831836547,-0.366416275668836
"SRR1974772",0.1096,0.706010363311836,-2.30258509299405,-5.84595145193093,1,100,-5.50458991221125,4.69096072577753,6.68739882505347,-0.654424339265725,2.57466180992188,4.59170877812265
"SRR1974773",-1.8582572270753,-3.89246536347324,-2.30258509299405,-6.18762929003099,1,22.0860827104786,-63.9380434721348,7.30243744998901,15.367656815303,-0.152803248501477,3.01315936985771,1.23189861299781
"SRR1974774",1.44885859923065,3.77364465060001,-2.30258509299405,-6.60096713852501,1,0.90923652933605,-2.18900360655523,4.11061547671607,6.21144506553159,-1.27126824468307,0.795256117485018,-0.333769966523013
"SRR1974775",14.218681301988,-7.59442484420861,-2.30258509299405,-6.07867071964562,1,0.01,-21.1025095618107,3.16155114717942,7.39977031241845,-0.379727540524196,0.613961336523547,0.959400753703101
"SRR1974776",38.7168436151319,-12.7019261688038,-2.30258509299405,-6.42733559197193,1,1.97595649804871,-3.95963813321163,2.77135090050624,5.41874200685727,-2.72912725484028,0.1,1.15609763831954
"SRR1974777",-2.85772474919041,-5.79381876153596,-2.30258509299405,-6.09733940922211,1,0.01,-100,5.23970421589349,13.6168481881238,-0.209692673413536,2.13554805557851,1.79514511142605
"SRR1974778",32.1112033621412,-13.9384805199568,-2.30258509299405,-6.2442614440954,1,4.23689110147351,-37.8260088261745,1.1025387835924,6.67648898847366,-0.828091281966214,0.100066156330484,1.49917123838615
"SRR1974779",0.1096,0.706120702313763,-2.30258509299405,-6.03197075379704,1,100,-100,6.10050397319403,17.5760486461383,-0.162674386848189,5.04451984652838,4.59294850777385
"SRR1974780",-7.87858135853048,-15.8630629010897,-2.30258509299405,-6.29431425587423,1,2.44407594037576,-7.94946939754086,3.88937469753137,5.20372242130265,-1.77184657401343,0.1,4.48967944488139
"SRR1974781",-2.31441929210568,-4.63730757978645,-2.30258509299405,-6.24058588314636,1,1.99063196526122,-18.5002593544475,4.63777555774868,5.49247868448305,-0.753937226423838,0.140019725812478,1.51547655465281
"SRR1974782",24.7099845899495,-12.0595112801426,-2.30258509299405,-6.11936492870734,1,100,-8.47453623367454,1.8523664988822,5.43939317006736,-1.78127838217263,0.1,1.5662366111724
"SRR1974783",1.49680693276364,2.446424713306,-2.30258509299405,-6.0301773456266,1,100,-29.6881484522265,5.32504004573043,5.5247758328084,-0.452014056146625,0.173406935654172,-0.103893116641767
"SRR1974784",-20.8447413899862,-36.2902308387764,-2.30258509299405,-6.119898680061,1,2.66925996928055,-9.56184692940859,4.40986228493693,5.11928199770667,-1.7023321619758,0.1,12.2106201632567
"SRR1974785",-3.08166106726789,-5.94038440564993,-2.30258509299405,-6.26687178742366,1,2.57162067306623,-76.3390694070196,2.50442591273809,10.6387004244931,-0.378663757731075,1.54988575441493,1.28707648483116
"SRR1974786",1.23006164321147,2.65895709116367,-2.30258509299405,-6.37216180026249,1,3.0840743001728,-100,1.5896190634122,11.8565487757898,-0.462617208131018,6.81260828832978,-0.155566488227982
"SRR1974787",15.8642535238451,-9.29688174515421,-2.30258509299405,-6.26931408981334,1,2.53403381365793,-7.35244014965782,2.71841529849856,5.66095177186607,-2.39642842285351,0.1,1.43422547705739
"SRR1974788",2.03985662589385,5.72693400704539,-2.30258509299405,-6.85918653288419,1,0.529776792559287,-2.23086117650685,4.55503940426522,5.94589527166864,-1.13670422577312,0.454721035519736,-0.659919152141287
"SRR1974789",1.70446003621462,4.41867617774877,-2.30258509299405,-6.47382577666158,1,0.773939561524918,-5.84190866410749,4.33198307775921,5.39029663606588,-2.22565865914423,0.1,-0.45327948616915
"SRR1974790",-3.51313926846114,-6.82342081497501,-2.30258509299405,-6.41148024803911,1,1.03728966944417,-3.2680931544553,2.93537070007429,5.92831975982192,-3.25205833430924,0.162796748042203,2.20316078715285
"SRR1974791",20.093251255501,-9.29464399540598,-2.30258509299405,-6.3566997707803,1,1.39430685716865,-4.8716638826082,2.46790484957382,5.92114196552798,-3.71855912476472,0.1,1.21374741848505
"SRR1974792",-4.30732490021378,-8.65824573533089,-2.30258509299405,-6.2835846294462,1,1.51591074094245,-7.43445819159992,3.13351841378409,5.60960795084925,-2.15130215472848,0.1,2.57177325755171
"SRR1974793",110.58034168723,-47.3701720896657,-2.30258509299405,-6.04415812454549,1,100,-4.25171514236335,0.876802669923584,5.66213929296999,-4.94810507189656,0.1,4.98164667330523
"SRR1974794",2.16755502129028,6.30652260913839,-2.30258509299405,-6.71738451803341,1,0.667336707267046,-0.747398760814903,4.08652430429867,7.55201666455334,-1.15503918178039,20,-0.746495454896524
"SRR1974795",0.752336768434789,1.815188265628,-2.30258509299405,-6.21635317745502,1,1.87065398129854,-4.75765421658091,2.62803232961534,5.70880011276327,-3.61471149885661,0.1,-0.0536706086258919
"SRR1974796",0.47969069649665,1.08569233782969,-2.30258509299405,-6.15701795966589,1,2.53935275305574,-4.91251428682092,2.55012852136221,5.671755656214,-3.62262108520736,0.1,0.0780518094860502
"SRR1974797",-0.11467086811198,-0.30054170011256,-2.30258509299405,-6.46261967264325,1,1.00689060623673,-4.58463856503288,3.05547186904034,5.80985702098651,-3.28058001186912,0.1,0.349896848832244
"SRR1974798",-3.58101451734006,-6.65326526896865,-2.30258509299405,-6.66038606614108,1,0.650923246650468,-1.92162313052883,4.352812067036,6.0948471568256,-1.1330457577693,0.672095738791452,2.3372283047534
"SRR1974799",0.252312505645033,0.516178896929611,-2.30258509299405,-5.99188711563251,1,0.01,-6.9201628589442,0.500637299699806,5.91339967264045,-3.49062707502465,0.1,0.180641231078889
"SRR1974800",-1.86191139052912,-4.1100438290925,-2.30258509299405,-6.284629459156,1,18.3486355160458,-4.83694669070907,2.73412881916128,5.16130868526041,-2.59263912926212,0.1,1.23467679024968
"SRR1974801",85.6478029463458,-39.6260765550483,-2.30258509299405,-6.00847493193865,1,100,-7.18318214006652,1.2602050028635,5.68226998146106,-2.82100304342098,0.1,4.44252861203706
"SRR1974802",-0.460997694377064,-1.07614965670986,-2.30258509299405,-6.32442131610501,1,1.43905482459035,-5.94578271275395,3.24273613319076,5.68151006917498,-2.79389710571939,0.1,0.506375233303821
"SRR1974803",-0.954203336265824,-1.89300085660116,-2.30258509299405,-5.97442303049564,1,0.01,-15.0468420850658,3.75913951070135,5.05416586218882,-1.16133296744697,0.1,0.855525250594301
"SRR1974804",0.729949094711505,1.56455081249188,-2.30258509299405,-5.97442708493084,1,0.01,-9.88626493973141,3.27085610949783,5.6082531519799,-1.05771278709663,0.230137354160505,0.0334614953757995
"SRR1974805",0.768474923984779,1.78251495112921,-2.30258509299405,-6.18151257257478,1,2.73832370138488,-6.24257871760835,3.02282406342596,5.58844046967522,-2.76382141180535,0.1,-0.0242956830653029
"SRR1974806",47.3819450149867,-20.9806765010514,-2.30258509299405,-5.96054642200696,1,0.01,-9.07046242088905,1.53389435595841,5.49499718066071,-2.14561610950759,0.1,2.29185229578573
"SRR1974807",0.0821390323612041,0.546466113984923,-2.30258509299405,-5.92449596957858,1,100,-4.37009978854128,5.0236409566884,6.88656664592088,-0.737379137623783,4.60277489668135,3.63978655990943
"SRR1974808",0.278226697151134,0.619259101000303,-2.30258509299405,-6.45031229423916,1,2.29535800968201,-8.18472757403653,3.03140567327144,5.54870865117459,-1.59451678543923,0.1,0.0956882544666453
"SRR1974809",29.2598968065801,-13.2745728922967,-2.30258509299405,-6.10545324253868,1,11.1953418690514,-7.41368736325678,1.82049862742699,5.63204722659576,-2.23362925496929,0.1,1.44364313166389
"SRR1974810",11.3582052872535,-8.53539971133876,-2.30258509299405,-6.13969120363883,1,0.01,-11.7329186736996,2.18514757601912,5.60786826186775,-1.50881537178966,0.1,1.38804141315888
"SRR1974811",13.3330148697851,-5.99157832028327,-2.30258509299405,-6.07291201119587,1,0.01,-7.14577148819573,3.22125697338765,8.18873437030185,-0.483149198550898,4.68950159116957,0.849142583600473
"SRR1974812",-3.81753032605748,-7.34592718774355,-2.30258509299405,-5.96808576927659,1,100,-7.67659310145858,1.94174188157753,5.74884297713906,-3.30652932510166,0.1,2.38487933120921
"SRR1974813",57.433639452798,-24.5569176063726,-2.30258509299405,-5.97538374906429,1,0.01,-4.24565873885192,-0.506930753632265,7.20417213792912,-1.91980855875175,20,2.59259725224024
"SRR1974814",17.5201751772159,-10.7751318595375,-2.30258509299405,-5.97957435530368,1,100,-6.6992127288548,1.68256753868742,5.84466741968511,-3.65629604365655,0.1,1.64976625545822
"SRR1974815",-6.01283053335057,-11.8386423466834,-2.30258509299405,-5.95324452226472,1,0.01,-4.77636448109528,0.307120372232274,7.79975735863444,-1.10044677980262,20,3.49789447433549
"SRR1974816",45.2155787284698,-20.2284580739494,-2.30258509299405,-6.2030688017328,1,100,-6.52478226656424,0.386833430615435,6.20189955086941,-4.38957807819591,0.1,2.28316170929836
"SRR1974817",8.14081797899218,-4.41582942771658,-2.30258509299405,-5.94936584841536,1,100,-10.2190128658082,1.23058409239735,5.68462406925961,-2.0420950059862,0.1,0.758153229697811
"SRR1974818",1.43666839312238,3.06577076446065,-2.30258509299405,-5.97442562657367,1,100,-7.02768123933549,1.92959220207654,5.4698215644565,-2.63078627457165,0.1,-0.215804098636694
"SRR1974819",-2.28985214849988,-8.22520667014387,-2.30258509299405,-5.94401793605578,1,0.01,-4.96421046318814,2.29450562994071,8.20099784880965,-0.707534973813624,20,1.82729197214972
"SRR1974820",-3.46767377321507,-3.40853157601081,-2.30258509299405,-5.97352173496443,1,0.01,-7.03917298265215,4.30804397914747,4.91342138887702,-2.61704318678848,0.1,0.933416164214003
"SRR1974821",1.64982812155907,-7.75379852266647,-2.30258509299405,-6.07129817554142,1,0.01,-76.0210448922975,31.0729158002621,13.5638428846487,-0.0538455266035313,1.05017989500163,1.71767348486243
"SRR1974822",47.9771311807261,-22.9141479069025,-2.30258509299405,-5.95335233908367,1,100,-5.01122144464542,1.41125226415363,6.17222510809545,-1.53816981912007,0.622554941108818,2.76339714144566
"SRR1974823",-0.366478042743221,-1.50934882403535,-2.30258509299405,-6.12476899555238,1,17.0275165189927,-22.4734584753533,2.87700445177898,5.74611956405743,-0.949581300619668,0.1,0.551877537341872
"SRR1974824",-3.35633567046812,-6.94913279094371,-2.30258509299405,-6.05288690498428,1,0.01,-10.362386575164,1.05457305832069,5.89383701632126,-2.14521234877897,0.1,2.04174530552346
"SRR1974825",-4.7263526974531,-8.92784672124802,-2.30258509299405,-6.06324892134392,1,0.01,-13.3180537229977,1.85930918530044,5.82071777262872,-1.23876886564551,0.131888064722755,2.90143321393892
"SRR1974826",1.58195139193685,4.05765832769708,-2.30258509299405,-6.43271289650743,1,1.38448970451307,-3.01938418842231,3.28190770807739,6.50947657491168,-0.967106707020972,1.10162433334756,-0.403279809883114
"SRR1974827",-1.80415796185024,-1.07976925426523,-2.30258509299405,-6.28110646899438,1,2.50335483998472,-6.75456622272153,3.30166721284669,5.63532677886204,-2.66469719779009,0.1,0.556173597472723
"SRR1974828",-0.534796143481869,-1.17608215242732,-2.30258509299405,-5.94566045298988,1,0.01,-13.6027709160997,5.97642665958993,7.76060363080856,-0.290096414027,1.51489667359235,0.549153011022556
"SRR1974829",-1.33161360000385,-3.40488655287842,-2.30258509299405,-5.96703649026605,1,0.01,-5.17741740605369,3.94221796288491,8.35250790287227,-0.603300542911025,15.280159742619,0.979362517502392
"SRR1974830",-8.85385349375918,-16.0118741596999,-2.30258509299405,-5.9926599873532,1,0.01,-6.22197802296241,2.23390222633622,8.16059850070621,-0.522079654508467,6.09655746442179,5.29260338906317
"SRR1974831",1.13148527169865,2.63602163245359,-2.30258509299405,-6.22543595697824,1,2.08536237067456,-7.78621074937973,3.59190871130901,5.54202038197702,-2.24201679576688,0.1,-0.144227759197145
"SRR1974832",87.3827593453114,-43.6911538591006,-2.30258509299405,-6.04630397668842,1,0.01,-10.8348576497937,1.78693448079929,5.61672332508546,-1.76706059071488,0.1,5.2816875049091
"SRR1974833",-0.0131172581822255,-0.165684895411641,-2.30258509299405,-6.18748255747204,1,3.93207459529651,-13.0748748858451,2.11511628162241,5.86903481179237,-1.51796342105075,0.1,0.23647158697687
"SRR1974834",3.62081544806797,-3.22029607941895,-2.30258509299405,-6.37086099478967,1,1.44476366478726,-6.25624857595685,3.4020480451717,5.68841047988736,-2.72034170634579,0.1,0.713538580152164
"SRR1974835",57.2893700815018,-26.2062345562894,-2.30258509299405,-6.03135479621441,1,0.01,-16.2808399092269,1.08947161943039,5.95423730524211,-1.31980296720125,0.1,2.89450847666392
"SRR1974836",-0.994770789608987,-2.27012075030207,-2.30258509299405,-6.32385015713169,1,1.58152503544924,-5.02500564912658,2.98379381330465,5.74060487892073,-3.33438950206908,0.1,0.769610482969453
"SRR1974837",128.349920738185,-56.2076086578928,-2.30258509299405,-5.86395596571619,1,100,-4.59536148315394,0.182808951768523,7.25173754094747,-1.6026805151657,20,6.02413622223697
"SRR1974838",69.4406062786679,-32.1252795205317,-2.30258509299405,-6.01526583631964,1,100,-5.53330359058159,1.26622322566965,5.67621028101457,-3.6717478555999,0.1,3.63852373309571
"SRR1974839",-0.624454158150895,-1.48369526823058,-2.30258509299405,-6.2857704273777,1,1.77800212631316,-5.50790288665812,2.66064351501595,5.81553392113122,-3.34005855068117,0.1,0.576641474250406
"SRR1974840",-0.870394570864141,-2.26692662799944,-2.30258509299405,-6.16250213238679,1,3.42431288468265,-4.67500381947993,1.56626841473935,5.9539841777222,-4.38699120732567,0.1,0.716833820294637
"SRR1974841",0.614657188600269,1.33145393494283,-2.30258509299405,-6.01542199032975,1,0.01,-9.09438679923062,1.5057201243692,5.60373489092247,-2.12189504823953,0.1,0.0785824907344307
"SRR1974842",1.24681595722889,1.52429505464325,-2.30258509299405,-5.88842485722583,1,100,-6.89133923842095,1.06031511838952,5.55046830055459,-3.59062157049454,0.1,0.0643904950994045
"SRR1974843",1.21044004055027,2.86281750040454,-2.30258509299405,-6.29556398794561,1,4.10866344552001,-7.66747392353733,1.58860682905904,5.85736894501451,-2.22879367510575,0.1,-0.211303862885191
"SRR1974844",-3.81338052251521,-7.22283669275191,-2.30258509299405,-6.06752922382715,1,0.01,-14.5230742147399,3.15647714296818,6.98035849279103,-0.486744636483575,0.684607062494919,1.44879548335672
"SRR1974845",-0.724678862648213,-1.71726834909494,-2.30258509299405,-6.33198971630706,1,1.6073759127652,-3.5528528132191,3.04564255898845,5.77517888574243,-2.66138714040738,0.184048270618802,0.711264527521472
"SRR1974846",55.2068159114625,-25.2263937162057,-2.30258509299405,-6.17472326913041,1,2.40514587920295,-3.93670175850749,1.46076855351643,6.02017134981197,-5.54412937171201,0.1,2.90428986293375
"SRR1974847",-14.1355324366225,4.95496228094943,-2.30258509299405,-6.19165015084392,1,4.58698351811569,-8.42966624000611,1.99999596245555,5.70948568313215,-1.98542684443286,0.1,-0.256060262728721
"SRR1974848",40.5890004020465,-17.3798120629271,-2.30258509299405,-6.01702861925698,1,100,-18.6063059194279,1.71740272133785,5.54670803055836,-0.900504698677189,0.1,1.86038003723637
"SRR1974849",1.08641425462717,2.21626112072666,-2.30258509299405,-6.04709325551271,1,0.01,-5.2354765181842,0.0796247525486739,6.8951706095592,-1.27727100350992,1.51176370396918,-0.069128123921471
"SRR1974850",1.59603261738621,3.6250436690914,-2.30258509299405,-6.11162666460235,1,7.7408279391622,-19.3222069086586,2.38708769117141,5.75443106030458,-1.02153854740757,0.1,-0.303642973053336
"SRR1974851",-1.71803034565855,-3.43829515895213,-2.30258509299405,-5.94336762019692,1,0.01,-6.41720884722341,4.07776933770311,7.32735257207502,-0.567934155706504,2.98881356668512,1.19948104027189
"SRR1974852",-1.24659874902261,-2.63270188241462,-2.30258509299405,-6.2804479073894,1,1.47791339938956,-5.48639205516811,3.24793990490796,5.64075283149528,-3.02919028675129,0.1,0.915699284022185
"SRR1974853",65.8130088072379,-29.0060403077763,-2.30258509299405,-5.97181292512764,1,0.01,-4.9586720473565,0.157968523075183,6.66666800272301,-1.50330403514955,1.3816153201317,3.07523373526722
"SRR1974854",-19.2604890458467,5.47970103445321,-2.30258509299405,-5.92008323716327,1,0.01,-79.8129097539734,17.3384885201496,16.4193972130528,-0.0822619600403434,1.59401213685846,-0.150435751739592
"SRR1974855",-8.37987040669943,-16.7998736670343,-2.30258509299405,-6.21154739241465,1,3.04880137425725,-100,4.07141010229988,12.2889358248867,-0.287081179504302,2.22421835522273,4.76880165785616
"SRR1974856",1.69548465191913,4.27503731056046,-2.30258509299405,-6.23968865619408,1,2.49237308501866,-3.44170160916184,1.84315273948543,5.91150903994706,-5.52222580287723,0.1,-0.414212652735015
"SRR1974857",0.182200896269619,-1.27860912359996,-2.30258509299405,-6.60789727872253,1,1.23596185228766,-2.18944172299717,1.73967256998497,6.20866945614303,-6.3218241858628,0.1,0.449859325923363
"SRR1974858",18.7404653304372,-7.45956623243111,-2.30258509299405,-6.79671984235342,1,1.03334645980915,-2.24943875566001,2.83276289485219,6.13897535538556,-4.19740813097656,0.131920179530355,0.910473517289125
"SRR1974859",-1.41491745977791,-3.00864818217973,-2.30258509299405,-6.25303968544559,1,2.30636732740063,-3.33009509681995,1.93103114257934,5.92791888406097,-6.18337166169882,0.1,1.00158300863741
"SRR1974860",8.79856223881547,-8.80124643731712,-2.30258509299405,-6.98191375570152,1,0.70808423809526,-0.101940034004702,4.28820247898862,7.73702353586265,-0.984593587048688,20,1.68758385242917
"SRR1974861",7.96625413212992,0.436025206709482,-2.30258509299405,-6.95269979869447,1,0.386895393147619,0.120013990108164,4.52371121332332,7.40222748631775,-1.23162313291874,20,-0.117036127658071
"SRR1974862",-0.349265787793694,-2.01879330140829,-2.30258509299405,-6.49598726780424,1,1.01023682063276,-3.67458228041973,2.83768251700889,5.91927716749651,-4.02572898705301,0.1,0.641714337499014
"SRR1974863",1.82797496922882,4.95951310288252,-2.30258509299405,-6.70944386613963,1,0.978089023154171,-1.01658413740551,2.48080834743925,6.56539893845895,-2.03251710595048,1.05659580941513,-0.559286918558975
"SRR1974864",77.347255932525,-29.7678853581429,-2.30258509299405,-6.23554590903666,1,7.03896105293448,-7.23110637382817,0.473460863112471,6.15255391209784,-2.73431221934385,0.1,2.81981935501741
"SRR1974865",-0.780732438300064,-1.67814028556351,-2.30258509299405,-6.58058130427128,1,0.934920468860745,-3.45715193554647,2.4900834374011,6.085344218301,-4.21802536807463,0.1,0.677891748725929
"SRR1974866",-30.7304570480623,10.0294516924557,-2.30258509299405,-6.39731510383399,1,2.88473898939057,-14.5375172548934,1.4161185349564,6.18763867604199,-1.28638433197328,0.1,-0.614745910093812
"SRR1974867",-7.88716057554606,-16.3809979096413,-2.30258509299405,-6.18262279921918,1,31.0535566769704,-5.06479184532546,-0.397766561672215,6.3643619350758,-6.55581910293169,0.1,4.43596888673386
"SRR1974868",-14.5726031922745,-29.5283576569014,-2.30258509299405,-6.52987195230715,1,0.589778038975044,-5.35220086357027,4.54568372628974,5.40499846854303,-2.52650923710123,0.1,8.23466082264481
"SRR1974869",15.0684371224956,-6.40508788842641,-2.30258509299405,-6.61517932888225,1,1.7533894889718,-5.44203025797709,1.25837522905902,6.23425191088604,-2.2107193857289,0.1,0.859049658363122
"SRR1974870",88.7106083444393,-36.294407692435,-2.30258509299405,-6.59209473074898,1,2.04525419425846,-3.1041664436296,0.37632046018017,6.37782052067452,-4.23583507586525,0.1,3.65804086983798
"SRR1974871",18.7895138680967,-11.2701957834654,-2.30258509299405,-6.33540273469623,1,1.56435617929902,-3.36665591702941,1.87136690968672,6.02091614087899,-5.38066760306561,0.1,1.70069983799409
"SRR1974872",38.3978300673888,-20.9883243371239,-2.30258509299405,-6.56398515581934,1,1.81485786691978,-17.5732335013336,1.14991873233792,6.45735670200525,-0.877304643556892,0.1,2.80578169806512
"SRR1974873",26.3314626708402,-13.4572200091182,-2.30258509299405,-6.24756224112433,1,2.11105933988718,-3.5629702740129,1.5118309034246,5.99697779466619,-5.5954477847293,0.1,1.74557151615391
"SRR1974874",40.5195591312844,-21.1855153004839,-2.30258509299405,-6.39819286820555,1,1.11119428952696,-2.45291992886859,3.1161022421773,6.06964817958245,-1.84883382756076,0.463520001153798,2.76316305731398
"SRR1974875",-2.37223995069337,-5.40619221409021,-2.30258509299405,-6.06131202753042,1,10.6500428120155,-14.7293628680274,3.48284706023834,5.3327988857428,-1.20424181801186,0.1,1.51420502137854
"SRR1974876",5.14341402630993,-2.99177463361152,-2.30258509299405,-6.41998418643673,1,2.31160730274227,-2.70170702540028,1.53844266590504,6.01641965619911,-6.99219089026138,0.1,0.595722098834159
"SRR1974877",48.5072160969175,-19.6746821983474,-2.30258509299405,-6.6057500720728,1,2.14740843657518,-2.47076710339656,0.995872673934351,6.17816618237159,-4.1119507249838,0.1,1.96395591184772
"SRR1974878",4.95780809761456,-0.89512041000481,-2.30258509299405,-6.26947173921658,1,2.68484075746146,-14.9415539617995,3.21882349701619,5.34025488668529,-0.964118165902032,0.1,0.199238633300368
"SRR1974879",14.6808596267507,-6.99943428459055,-2.30258509299405,-6.49947596024988,1,1.55015687344582,-2.40317789483621,1.97425050782411,6.09069671737254,-7.0706527877849,0.1,0.957645155934491
"SRR1974880",0.680789395294416,-1.36424749864383,-2.30258509299405,-6.44048141264284,1,1.86560931326496,-4.48635068772198,1.5223351549728,6.04377515310694,-3.18438113725333,0.1,0.45602531223111
"SRR1974881",17.5671946806612,-5.66238224422875,-2.30258509299405,-6.42654922090944,1,1.68100834182695,-15.2329353079783,2.7536347198017,7.46683786914312,-0.531997269674744,0.635973131440432,0.55820945894388
"SRR1974882",-0.651811468729945,-1.39728132966801,-2.30258509299405,-6.31872535322036,1,1.83321091539993,-13.9694805392158,3.30133467490204,5.58332712270757,-1.16489917568355,0.1,0.62890864870491
"SRR1974883",15.0567636444454,-8.4843618740672,-2.30258509299405,-6.21665365167112,1,4.04473666500858,-28.4718194779432,1.41991756728471,6.89609089359278,-0.773886572908768,0.198180494707577,1.27221209599499
"SRR1974884",17.1534516203155,-8.52722682218779,-2.30258509299405,-6.46790337777775,1,2.13622538023248,-4.28974823402069,0.559158735035585,6.38939186846885,-4.13437938076901,0.1,1.08217125840547
"SRR1974885",-6.33032293027505,-12.4052248156358,-2.30258509299405,-6.02186949664634,1,100,-10.0769890082249,2.44507082922714,5.52172691354827,-1.87084375011183,0.1,3.67380793548972
"SRR1974886",-0.12916093873219,-2.21137980519132,-2.30258509299405,-6.29092096704785,1,2.06714516349638,-12.977185915125,2.65713280293744,5.74977793769167,-1.31933340237937,0.1,0.633124098550002
"SRR1974887",77.2819542842302,-38.9718692727751,-2.30258509299405,-6.05502539515402,1,14.1712015685716,-9.57854818643538,2.42015487021052,5.48061919932045,-1.73437585268771,0.1,4.85614620221985
"SRR1974888",22.1763330491327,-13.9195017991296,-2.30258509299405,-6.38344713587094,1,2.13869271252047,-7.20096899137757,2.28153779719446,5.88699415895333,-2.44106085547218,0.1,2.02574752324269
"SRR1974889",-0.0183051974605459,-0.13824505750175,-2.30258509299405,-6.65638283838474,1,2.05230854369814,-1.03810950702041,1.37693286548354,6.59378531574669,-2.32992853954127,0.993037578702769,0.255376352888562
"SRR1974890",30.0616550427777,-9.29248393755847,-2.30258509299405,-6.20446041811521,1,3.08027239945856,-11.9386811547537,3.62323118512294,5.183598745377,-1.21303365252793,0.1,0.854405896461419
"SRR1974891",1.01035900344126,2.35139669679393,-2.30258509299405,-6.26672157832255,1,2.51426991184854,-33.2651037818269,2.54924707375635,9.95679035628507,-0.379749482937216,2.03560474119517,-0.0903043063770022
"SRR1974892",0.1096,0.706182846394208,-2.30258509299405,-6.26042281818367,1,2.80561795206047,-6.30669295022742,3.17808308230461,5.4755905108286,-2.54739508056988,0.1,4.59371835022601
"SRR1974893",1.02634935579469,2.3640362426203,-2.30258509299405,-6.4113703598022,1,1.8359817278804,-4.74827713925235,0.862672428971247,6.27325878014268,-3.89044953257093,0.1,-0.155584733460348
"SRR1974894",3.95308257837939,-1.73511805862693,-2.30258509299405,-6.42207210019904,1,1.74723164918986,-97.7556249082878,3.86710391355114,14.7450102869246,-0.260874966952755,6.0185792515629,0.354988574037005
"SRR1974895",1.39841210910022,3.41711543521883,-2.30258509299405,-6.98490619302073,1,1.37288029292761,0.509075108817179,2.56668701195565,6.48971209405414,-1.79264645994304,1.66972124943587,-0.297745784441225
"SRR1974896",-7.0180481618031,-12.8383117925392,-2.30258509299405,-6.45936037270819,1,1.25515488822305,-11.989837925518,2.6217586720087,5.878357806555,-1.28493637460499,0.1,4.18464689145401
"SRR1974897",1.41450797168764,3.55177778246466,-2.30258509299405,-6.7851587358452,1,1.10630072002074,-0.411922995348789,1.25906583122946,6.62855426442916,-8.6761455928019,0.397434501149873,-0.311983304240672
"SRR1974898",1.21585564783949,2.96140203354451,-2.30258509299405,-6.5889773753073,1,1.28265771186302,-2.28356927967972,0.80699495617256,6.41635662995998,-6.27172794422989,0.1,-0.210336466822119
"SRR1974899",0.745775832963819,1.72836840401463,-2.30258509299405,-6.69246081886524,1,1.07238386230235,-1.07519283573009,1.17228234713009,6.80693289458903,-2.08522236734149,0.925467057295734,-0.0219073162191757
"SRR1974900",-2.63401826811284,-5.22689121670388,-2.30258509299405,-6.56448298483947,1,1.30959772102627,-3.23378002282877,1.40543398094519,6.29236051411589,-5.50169131874181,0.1,1.70408944975772
"SRR1974901",10.779049069537,-5.92867589363515,-2.30258509299405,-6.23634182312847,1,2.83410514881911,-8.14768213429095,1.06474311772398,6.07838065412324,-2.49449809028517,0.1,0.84029934175723
"SRR1974902",-10.9234379388412,-19.4820422815684,-2.30258509299405,-6.39939067041542,1,1.84433726278179,-22.0751716520152,0.575688340510454,6.72653048390147,-1.61050797213703,0.1,6.38290759100771
"SRR1974903",58.570413328925,-27.2536039744488,-2.30258509299405,-6.22013155293586,1,3.11165145861377,-27.466270627997,1.50155947478501,6.82594805251639,-0.726253229813299,0.183959379887529,3.10907153546475
"SRR1974904",-4.86023606545786,-9.68815665670648,-2.30258509299405,-6.46954906641825,1,1.23931927383471,-2.97043113263492,1.57421072847076,6.06865912612133,-5.06890339793227,0.1,2.87546610499019
"SRR1974905",12.1308820666218,-7.24408975574629,-2.30258509299405,-6.12682770695179,1,6.33955919698971,-21.0510182038305,2.23033592120662,5.76781927802134,-0.87012057686268,0.1,1.13535285096164
"SRR1974906",14.4545495957094,-6.19104246098649,-2.30258509299405,-6.34333290207928,1,1.72819109110094,-5.16193027695166,1.37119190163053,5.9913577407178,-3.08226038431814,0.1,0.762231230750807
"SRR1974907",23.3636799221805,-9.02818185770798,-2.30258509299405,-6.28685816980175,1,1.90983261784551,-4.33002497090302,0.638700711743943,6.17023487382607,-4.17103101463998,0.1,0.900408417731006
"SRR1974908",-1.35034637444478,-3.15633218368013,-2.30258509299405,-6.52794044626151,1,1.1244128552306,-2.41244240306228,1.62011248906128,6.14401275547296,-5.864980793963,0.1,0.963708637795436
"SRR1974909",17.1779435448073,-9.68908209843508,-2.30258509299405,-6.28833735812776,1,2.44425664076194,-10.3552871594729,1.77199985105123,5.84473037890297,-1.57696812386527,0.1,1.422157083475
"SRR1974910",4.0836270532769,-0.312299429221268,-2.30258509299405,-6.15682784713505,1,4.82055468775633,-30.5265607221325,2.34327432663045,6.2034894416773,-0.66405497784238,0.12081983170092,0.147350157570139
"SRR1974911",0.68963551137012,1.50791351389861,-2.30258509299405,-6.08329038968614,1,24.5560363238741,-9.87155713363834,0.144867859698727,6.19920158602006,-2.31167014691613,0.1,0.0190440195400368
"SRR1974912",5.87091105740652,1.27899662840487,-2.30258509299405,-6.24688884263363,1,3.06414832137481,-8.69832299632448,1.5973315604343,5.92564167680062,-2.14146827465152,0.1,-0.0716086987087926
"SRR1974913",59.3769435377813,-22.4775375191172,-2.30258509299405,-6.1061927153308,1,13.2961383679221,-10.3714575971312,1.72436902914626,5.7744870877299,-1.76649364344975,0.1,2.11739440876229
"SRR1974914",-0.759187701724477,-1.93727620363078,-2.30258509299405,-6.31742962508778,1,1.949914118842,-100,4.4093308088723,12.1288998861787,-0.286313421298662,2.03554559128419,0.64761192050157
"SRR1974915",19.9375334856995,-8.59466076851239,-2.30258509299405,-6.18041968694607,1,3.367645273425,-10.0369113522794,0.590805880472225,6.20585861774124,-2.04620739825773,0.1,0.910623044208168
"SRR1974916",45.6612879989954,-17.9721719186708,-2.30258509299405,-6.11840990766044,1,12.4838310053951,-11.5113326466149,0.948776047510651,5.98476960592239,-1.65420217370011,0.1,1.79011112056733
"SRR1974917",2.57092733846874,-2.09358960142403,-2.30258509299405,-6.61343973638266,1,1.2945904385751,-1.40739180142307,2.00249561462719,6.82949954990173,-1.56856732476129,2.17919401037869,0.528276909230863
"SRR1974918",22.0689460382452,-6.89872901739555,-2.30258509299405,-6.23003885862359,1,2.94953425214473,-9.17859730441435,2.75783476634987,5.46676707482398,-1.60874723107732,0.1,0.671710268643246
"SRR1974919",27.9914588249412,-13.5771658682806,-2.30258509299405,-6.20091690304232,1,2.59506702027767,-10.5101962976534,0.765346014183627,6.18550384198279,-1.96230582407318,0.1,1.61369647539629
"SRR1974920",0.89878236961794,1.7159926034379,-2.30258509299405,-6.11902594291905,1,5.72269349250976,-26.2518179237221,4.167863946845,5.38786078462021,-0.735029820490886,0.1,-0.024168787422097
"SRR1974921",1.89113645555492,0.00124004538271093,-2.30258509299405,-6.18541456538242,1,4.99443191652983,-5.18202594496371,-0.179119156906451,7.067843202284,-1.79602578930118,1.73791457189293,0.218876260285491
"SRR1974922",25.0915856519316,-10.3418827079441,-2.30258509299405,-6.16066526238931,1,3.93544937712022,-6.12676015765953,1.04119244461525,6.00906537152689,-3.25240783087183,0.1,1.05204506677125
"SRR1974923",31.5750118057214,-15.3533988650007,-2.30258509299405,-6.18411195849654,1,3.00993323363649,-9.50251935811369,1.55847051935268,5.94291747191471,-2.06668346296102,0.1,1.857953603506
"SRR1974924",-9.22666207356768,-16.7215888388207,-2.30258509299405,-6.06407951270819,1,19.5687980134007,-18.4681092031858,4.76572964137136,5.73259154508633,-0.352732048796476,0.30132261547111,5.47318103267133
"SRR1974925",119.559478164883,-42.5666732828494,-2.30258509299405,-6.04303184251017,1,100,-9.2388340668747,1.75649573456982,5.70055707258576,-2.05176496747244,0.1,3.78719313138127
"SRR1974926",1.08177080462811,2.36101589009887,-2.30258509299405,-5.92749716830575,1,100,-5.39600315406983,2.03287772394207,6.34310618892203,-1.04527954897677,1.01514955830722,-0.0673739299052763
"SRR1974927",-1.48703281481188,-3.13850716009552,-2.30258509299405,-6.21931010739845,1,3.22476452576424,-13.6535168618975,0.0974384188120746,6.50966148934673,-1.95699832129228,0.1,1.03974112774856
"SRR1974928",1.58987725683095,3.80153816711888,-2.30258509299405,-6.54450705686306,1,1.37275911857491,-2.04686139950392,1.67829902584933,6.16276439364439,-7.65924690494487,0.1,-0.325566714276498
"SRR1974929",1.73399723367257,2.71984675571602,-2.30258509299405,-6.13646426565373,1,4.97946037794695,-19.6825849019747,1.05247972309913,6.17326943953439,-1.05565685555946,0.1,-0.183205701330789
"SRR1974930",10.9132777989551,-5.4009799221731,-2.30258509299405,-6.09546642190491,1,15.0527223369813,-19.1598386179128,1.60829910020602,5.96739984461942,-1.15424908112664,0.1,0.836712901779855
"SRR1974931",0.719532136354348,1.64769287732821,-2.30258509299405,-6.13924151064789,1,5.46856330935063,-10.419095951168,1.03524951131194,8.58962435414072,-0.699807789375401,6.09583503459764,-0.00187728784047423
"SRR1974932",-5.76776325522186,-10.7038210856876,-2.30258509299405,-6.2123203332214,1,2.82299226754138,-8.65082088893923,1.55322252060482,5.79390927473866,-1.8065570126759,0.1,3.50092446133372
"SRR1974933",49.8794922636177,-20.2662584216314,-2.30258509299405,-6.38071071634688,1,1.43931667116931,-100,4.2916836732774,16.3118281945891,-0.246982730849533,12.0595202627969,2.09476414446396
"SRR1974934",-1.48285187708951,-3.12712793246361,-2.30258509299405,-6.47652143684704,1,1.71097809754693,-10.5419204057983,0.696435395677311,6.50070959419718,-1.74043448444785,0.1,1.03813560824262
"SRR1974935",0.779369898983645,1.15910337579446,-2.30258509299405,-6.14202099299949,1,8.11996891068874,-9.69117030336891,0.339358598954477,6.23799100163925,-2.52668052761098,0.1,0.0588351777958508
"SRR1974936",0.706935337365634,1.5584159750011,-2.30258509299405,-6.06848154489829,1,0.01,-5.90792447507812,3.00509924933888,5.98478849774351,-0.789576851315017,0.612894683573139,0.0130566011432482
"SRR1974937",-0.517264039687433,-1.36818465523128,-2.30258509299405,-6.19439542903461,1,3.41412489616134,-10.900437857792,3.55490471164244,5.16802616019159,-1.30545837001184,0.1,0.514556490715501
"SRR1974938",1.23434688213521,3.00294683583817,-2.30258509299405,-6.26363006946029,1,2.3774152352012,-10.6557156164472,1.27934912536781,6.02265758313321,-1.63082050126174,0.1,-0.224967913441829
"SRR1974939",-5.57672267749068,-10.3517051850826,-2.30258509299405,-6.28152717733098,1,2.30655557695013,-42.7832962029337,0.906522664249418,6.88947719075938,-0.963254022032147,0.1,3.39550255050352
"SRR1974940",1.17273141048308,2.47714632389899,-2.30258509299405,-6.17441898994478,1,4.82172909226113,-26.3351469335624,4.13652101735419,5.3494924540596,-0.674498387289002,0.1,-0.138382622496721
"SRR1974941",1.24308277088109,2.41365790197372,-2.30258509299405,-6.00725399628749,1,0.01,-8.97858729199313,-0.396250412107424,6.29595135810981,-3.37038591730509,0.1,-0.0880558804201621
"SRR1974942",-0.527645814505611,-2.89635908973796,-2.30258509299405,-6.1123908948078,1,18.8287618084743,-25.2807605627659,2.20159548174397,5.90959317946232,-0.863971564950243,0.1,0.768758781235892
"SRR1974943",-1.49911668413327,-3.15610630320483,-2.30258509299405,-6.3455240618837,1,1.89530967412308,-8.73445778893605,1.50688456050737,6.02164680428622,-1.9836621790128,0.1,1.04746832127856
"SRR1974944",-4.07922651445834,-8.25716194640732,-2.30258509299405,-6.01200606693448,1,0.01,-11.3555001745989,1.48475524366182,5.73368865879768,-1.80003189314164,0.1,2.44201987463173
"SRR1974945",19.5487398308549,-8.43796500651613,-2.30258509299405,-6.17202501725762,1,3.39204308455436,-8.66412419630567,1.51140814403009,5.87979044735245,-2.12549057889988,0.1,1.08148463699264
"SRR1974946",0.559907883079229,1.28970068241484,-2.30258509299405,-6.78049252456141,1,1.28564781721221,-1.55189468828315,2.61934489916966,8.70235688442145,-0.646078127343179,15.1990981623026,0.045915371864607
"SRR1974947",-8.15357449146735,-0.181882272090993,-2.30258509299405,-6.4025694597597,1,1.55627876970789,-5.45165146783124,1.80642799180634,5.97745671462487,-2.93244115597601,0.1,0.56851823013209
"SRR1974948",54.4232920017743,-21.0271971696696,-2.30258509299405,-6.64692120142377,1,1.22634141021116,-1.39687797154325,0.822600744580726,6.58995728094301,-3.532479652463,0.372129212980687,2.07420955974382
"SRR1974949",17.3985837157208,-10.319473905582,-2.30258509299405,-6.32916383012233,1,1.70576726688904,-6.44336238184193,1.6133039896884,5.97573705095095,-2.48755900122697,0.1,1.53534071479548
"SRR1974950",-3.17810569234751,-8.51748124057836,-2.30258509299405,-6.48353028733546,1,1.53592698883352,-2.53019937347671,1.51520981915928,6.12010537672944,-6.68350319549273,0.1,2.14478851078519
"SRR1974951",0.607672145735896,1.12147036974821,-2.30258509299405,-6.51178956281796,1,1.52054969555731,-5.62529079108842,0.512922472157093,6.51020026726385,-3.51685119409902,0.1,0.0796187195707032
"SRR1974952",14.8838283699067,-7.20784327986619,-2.30258509299405,-6.35036651336971,1,2.10032075565146,-100,2.40556426647289,11.6690782520683,-0.367828546240419,2.39079901491487,1.00695151910707
"SRR1974953",-3.43737266791892,-6.40255625562867,-2.30258509299405,-6.49777543708373,1,1.23010410075908,-4.50392773363267,4.18935814844953,8.55805011129302,-0.49854404954351,7.04237612352659,2.23134175914082
"SRR1974954",12.2438321439378,-4.19255417077239,-2.30258509299405,-6.28342222455202,1,2.71547648784658,-21.1482741491196,3.33370035803244,6.42605191108221,-0.542106642937542,0.247058705810793,0.505776013228221
"SRR1974955",2.9122132065235,1.4228565193906,-2.30258509299405,-6.01051000647257,1,0.01,-19.1809403208891,1.26652489985526,5.98055996747328,-1.19909866980656,0.1,-0.00152830754643668
"SRR1974956",-1.41559989714223,-3.02410290781531,-2.30258509299405,-6.24578642436501,1,2.73282443297488,-9.9328481889286,0.272717060634402,6.40450710312697,-2.19144593211485,0.1,1.00371544394852
"SRR1974957",2.17825760758719,-1.81858475440611,-2.30258509299405,-6.47936094591058,1,1.51302637356347,-4.69280106166573,1.42291510412473,6.06200622584192,-3.11235537996967,0.1,0.484710325481547
"SRR1974958",59.5525920165994,-27.1307018376766,-2.30258509299405,-6.52738974518889,1,1.13953301070756,-6.49040266539902,2.82089583729017,5.73383502353437,-1.95351529740759,0.1,3.13293645117778
"SRR1974959",29.0895671093309,-11.0879906823015,-2.30258509299405,-6.20397866201176,1,3.38245645113533,-23.0607836466804,1.69453769968364,6.3452966721903,-0.747486839343285,0.135655754672969,1.10115976588338
"SRR1974960",0.826621814398705,1.80327665497895,-2.30258509299405,-6.17802742686969,1,6.1799911993004,-7.28815404805018,0.497934750128534,6.14123544495552,-2.9169926782468,0.1,-0.0337582936705981
"SRR1974961",-1.46862615535976,-3.12654328464994,-2.30258509299405,-6.42778072805668,1,1.93718899544263,-21.0538155241063,1.71516596325636,6.25782924263543,-0.873753644955483,0.1,1.03876840797123
"SRR1974962",16.5265666686326,-8.76995891674851,-2.30258509299405,-6.52975411563304,1,1.34952941574284,-4.77038109792754,1.71548603831541,6.09486666113105,-3.00422922099341,0.1,1.24863852279101
"SRR1974963",-8.50027542774933,-17.6695024159709,-2.30258509299405,-6.28992580660079,1,2.05385139918866,-10.1642268070698,1.47995095957683,6.06240262901852,-1.87279876799567,0.1,4.78315166716827
"SRR1974964",26.6906075435218,-11.9516758517092,-2.30258509299405,-6.27501234778804,1,2.35429290275445,-26.448749422735,1.34829369464411,7.01492241924472,-0.80961887890494,0.220225094638502,1.24735244265366
"SRR1974965",91.618153941148,-33.4860941421338,-2.30258509299405,-6.04287749826543,1,0.01,-10.1239887538552,2.03163510932972,5.54037951304868,-1.69808329642117,0.1,3.11382807025563
"SRR1974966",-2.91342655472784,-5.7275027949377,-2.30258509299405,-6.33974188545868,1,1.65036863313432,-7.78221437127322,2.15045241229658,5.84211514116658,-1.93202729247351,0.1,1.85870985788191
"SRR1974967",-1.06506134564543,-2.24874136927932,-2.30258509299405,-6.25908734077213,1,3.14095930547329,-25.2762588220032,2.00586563781352,6.1349295475464,-0.813705837524696,0.1,0.825815330323987
"SRR1974968",30.3036153047735,-11.8754601091376,-2.30258509299405,-6.43693515869139,1,1.36346170712628,-4.26512216708525,0.862242842381807,6.2997955993484,-4.06840645065391,0.1,1.19052093289967
"SRR1974969",20.1384809037668,-8.558380817608,-2.30258509299405,-6.29099944615537,1,2.50587200866443,-12.3940406147216,0.703914364057497,6.35410786741919,-1.96091436497644,0.1,1.0807582198612
"SRR1974970",-5.1511852092764,-9.74710659172491,-2.30258509299405,-6.22638583973151,1,3.130504026637,-12.748482873231,2.23281860450931,5.75997457276453,-1.3972093395085,0.1,3.1609164381497
"SRR1974971",36.9353720855514,-13.564382566795,-2.30258509299405,-6.4549591974846,1,1.39312387950964,-17.5052749655811,1.04237610278241,6.58139246476249,-1.16259614116247,0.1,1.30193944477271
"SRR1974972",1.4619805025182,3.60612532599762,-2.30258509299405,-6.33425990667534,1,1.97821915920356,-4.57095132118678,1.01586270879621,6.16283259776995,-4.28677582858628,0.1,-0.315696033345737
"SRR1974973",-1.8942897981687,-4.49429215430165,-2.30258509299405,-6.6025423072564,1,1.3218020077955,-0.878349729805014,0.455477483249624,6.69390378600123,-100,20,1.26647985949883
"SRR1974974",68.0266158479337,-23.9450858284675,-2.30258509299405,-6.48281563795542,1,1.34172341586883,-12.6428688016229,0.577003518978369,6.66922809558406,-1.6842098609573,0.1,2.12342030355491
"SRR1974975",-3.01310078089451,-7.38000369379826,-2.30258509299405,-6.39783021844272,1,1.74571952144417,-23.5464310442249,2.14744489422696,6.29689196721665,-1.01936294521536,0.1,1.7902210039363
"SRR1974976",-3.716149270404,-7.21307115988773,-2.30258509299405,-6.52320458683287,1,1.25742502681406,-4.28097513676026,1.28859990332967,6.28119233857813,-4.02874521445285,0.1,2.33539261698769
"SRR1974977",-3.44809584876118,-6.64820525353293,-2.30258509299405,-6.1760518251183,1,3.89264795240587,-12.2604566486514,1.67486906613036,5.85707227470422,-1.43321815682878,0.1,2.17149243591114
"SRR1974978",106.258639553123,-44.3112776771807,-2.30258509299405,-6.11329917956688,1,7.6483682892921,-10.5694495575011,0.576505365662733,6.14086046024364,-1.99723468076045,0.1,4.53366281482766
"SRR1974979",0.587930954957069,1.32123977855469,-2.30258509299405,-6.46318907834672,1,1.46536870066726,-4.85063115389725,1.73385686565829,6.04071608436479,-3.18083168172051,0.1,0.0708011096531162
"SRR1974980",1.4878642249132,3.56154883973031,-2.30258509299405,-6.16177034591623,1,5.08073264148019,-13.9020897950273,1.52180533224313,5.93378205196009,-1.35133878930563,0.1,-0.289568378408551
"SRR1974981",-5.04484743762772,-9.4558259304108,-2.30258509299405,-6.06669408330336,1,21.8843566500156,-11.6085707587785,2.18784782204319,5.57316951677041,-1.52607560470178,0.1,3.06576597358219
"SRR1974982",1.48510421541835,3.58670874404876,-2.30258509299405,-6.12542176683129,1,8.60076836232135,-7.97290161340761,2.20176185989705,5.64822694560239,-2.32866874294478,0.1,-0.293039554370048
"SRR1974983",55.6590047269807,-23.8168999708249,-2.30258509299405,-6.58304345953955,1,1.3002506319933,-1.83478052069043,1.18778498073192,6.32223318808502,-8.56179664181498,0.1,2.52918372039933
"SRR1974984",-1.11488648567231,-2.7293150183956,-2.30258509299405,-6.4650896424235,1,2.37847290644474,-11.1044653305743,0.828201962203765,6.44234879630436,-2.03622551676289,0.1,0.841254793207132
"SRR1974985",-0.418926278639192,-1.00953001408133,-2.30258509299405,-6.19646035129599,1,4.90331727454553,-7.0208851024445,2.75118172995684,5.35921319675108,-2.05373123450128,0.1,0.474190742030959
"SRR1974986",168.498292530734,-56.2157553379475,-2.30258509299405,-6.1474708833693,1,0.01,-13.6361991148805,2.36943476617498,5.55782062954862,-1.25334169000542,0.1,4.70206603881615
"SRR1974987",43.5984974631532,-20.2038460518705,-2.30258509299405,-6.49267693372742,1,1.72643787954138,-3.68630257428986,1.23190975041472,6.07594467653685,-3.47487823010592,0.1,2.36700557128785
"SRR1974988",-1.03481771470758,-2.57041501007852,-2.30258509299405,-6.22724977541904,1,6.28893453120865,-15.4053670043795,2.24193114116485,5.77066687846344,-1.21780058148196,0.1,0.800338004751329
"SRR1974989",-2.88183870638391,-5.35154194484569,-2.30258509299405,-6.32976425227964,1,2.47053575074423,-43.9185542972262,7.08547844338215,15.7771149910397,-0.181780826005242,8.16094052566977,1.97421160841956
"SRR1974990",-5.76788328983743,-11.3956927476164,-2.30258509299405,-6.06317031436031,1,33.771434526906,-8.89177129937112,2.2059392116263,5.50076299064417,-1.91486788925414,0.1,3.36785023483899
"SRR1974991",-1.62603138180816,-3.81377712202016,-2.30258509299405,-6.39715897188956,1,1.95672790787146,-100,2.30212479406772,11.3662423050748,-0.399792121885753,2.45527215677588,1.11575629865188
"SRR1974992",14.1440412281689,-9.05308752678519,-2.30258509299405,-6.36507674723033,1,1.74351999329756,-100,3.91063577827621,12.3089962863566,-0.285582483209914,1.99057843744117,1.46776923873643
"SRR1974993",15.1300596824899,-6.60956718978312,-2.30258509299405,-6.4562694181605,1,1.69272156972257,-3.95112521115599,1.72470947568743,5.99309697364346,-4.04394765027347,0.1,0.897341590626824
"SRR1974994",1.92181741424536,0.417794721521056,-2.30258509299405,-6.03028577902677,1,100,-7.51910502018319,1.69120306195157,5.54156437491023,-2.46034832776347,0.1,0.153358132049257
"SRR1974995",-1.46990676682788,-3.47832232515885,-2.30258509299405,-6.38226568608414,1,1.72677239856213,-16.2355747085573,2.9185856741111,5.68877445544594,-0.963052284860405,0.1,1.03353406160636
"SRR1974996",0.895634484312994,1.86610469606088,-2.30258509299405,-6.20443412461503,1,4.16445591614247,-12.3044394103768,0.185668373845077,6.37076319904504,-1.79804471870787,0.1,-0.033672366661212
"SRR1974997",-24.0686073652395,9.46297441920513,-2.30258509299405,-6.21314753978585,1,2.96069921259686,-14.3487273922107,3.20926549591241,5.3944870401332,-1.07249021592184,0.1,-0.66994041810367
"SRR1974998",24.0788792404513,-12.6953839696119,-2.30258509299405,-6.29148138527218,1,2.67156477454118,-85.1494428720076,3.15426054218102,11.5519092361254,-0.371433129680043,3.42104875618381,1.67801952459072
"SRR1974999",52.8705123040914,-25.2045564612258,-2.30258509299405,-6.48730491323232,1,1.47278177087271,-4.72200710212025,1.59691231402177,6.06030738934465,-3.01161434792308,0.1,3.05026522729418
"SRR1975000",78.8267689765763,-40.6367851845052,-2.30258509299405,-6.26764795846132,1,2.55625997409175,-23.5602604723115,2.08608310939674,7.05914645667779,-0.641737850079315,0.316496757958399,5.14847957171583
"SRR1975001",49.9756601234979,-23.8895054568733,-2.30258509299405,-6.65691182197093,1,1.39637905569714,-3.28917141478815,1.27985261340742,6.34802557514492,-3.98766779677342,0.1,2.91588343180004
"SRR1975002",-0.244786160588554,-0.704659193555524,-2.30258509299405,-6.5278529815859,1,1.5226702731519,-4.92937861904821,2.79310641807777,5.53227005084816,-2.21199546263244,0.1,0.369280625382093
"SRR1975003",-1.45326538145607,-3.06521622271156,-2.30258509299405,-6.47841702576454,1,1.47875072610731,-2.51705527129069,1.74031140680385,5.99252475411911,-5.44143782737646,0.1,1.02203980300324
"SRR1975004",0.809336823111491,1.88954178907779,-2.30258509299405,-6.29759980568578,1,2.8397581937952,-5.62256770095913,1.63261288254391,5.812508348132,-2.8168573555494,0.1,-0.0442033437327806
"SRR1975005",-7.66754399146101,-14.0541665318103,-2.30258509299405,-6.40134736268917,1,2.16536133182168,-13.4325078288029,1.14957284401334,6.26832142725194,-1.45919939027199,0.1,4.57772095803993
"SRR1975006",0.395945011408157,0.895710581218118,-2.30258509299405,-6.71754136700498,1,1.41807821617203,-0.361385846636403,1.68893375242208,6.34607109821882,-100,20,0.10346255312141
"SRR1975007",0.98807251732221,2.28200226677674,-2.30258509299405,-6.19456884188513,1,5.51939199494409,-14.2701602834373,1.8724587625306,5.86212150222553,-1.33403502439126,0.1,-0.0850639682144301
"SRR1975008",0.655282993048373,1.16288023173375,-2.30258509299405,-6.52977153927406,1,1.51480109495582,-2.13097618482228,0.787813600115531,6.3276875493231,-8.25752836231617,0.1,0.0352656265179546
