,UMAP_1,UMAP_2,UMAP_3,clusters,Cell_type
SRR1974543,-7.68352033140322,1.64828751667262,-3.06596326874569,5,oligodendrocytes
SRR1974544,-4.52864171507021,2.67377923115016,-2.71875488804653,1,hybrid
SRR1974545,-8.82452680112978,1.78754983528376,-2.63106370018795,5,oligodendrocytes
SRR1974546,-4.34493495466371,4.44248686416865,-1.35526816593483,4,hybrid
SRR1974547,-5.92646218778749,2.25636361225367,-2.77529561566189,1,hybrid
SRR1974548,-6.65334416868349,0.342173915941722,-3.86633634613827,6,oligodendrocytes
SRR1974549,-7.94734670164247,2.02006630285502,-3.0480827097781,5,oligodendrocytes
SRR1974550,-4.31574441434999,4.55586443527461,-1.14506241725758,4,hybrid
SRR1974551,-6.17269660474916,2.09100351913691,-2.80572223709896,1,hybrid
SRR1974552,-7.49799920560976,2.08670679910899,-2.86836087750271,5,hybrid
SRR1974553,-8.24875070097109,2.27030680759669,-2.89518868969753,5,oligodendrocytes
SRR1974554,-4.35791398527285,3.07011697872401,-2.9839330916293,1,hybrid
SRR1974555,-3.42327643873354,1.40501185471982,-2.52120745228603,1,hybrid
SRR1974556,-4.47930861951967,3.35219119175196,-2.57573771523312,1,hybrid
SRR1974557,-1.01475073339601,3.55881486519099,4.47661948157474,2,astrocytes
SRR1974558,-5.0107145452704,2.33328674419642,-2.88578438805416,1,hybrid
SRR1974559,-5.5665874624457,2.11795429571391,-2.82643437432125,1,hybrid
SRR1974560,-5.28684045316835,2.49935100658656,-2.79474723385647,1,hybrid
SRR1974561,-8.13572980405947,2.08032469137431,-3.04379320191219,5,oligodendrocytes
SRR1974562,-8.56945420744081,2.2042312441659,-2.53296947525814,5,oligodendrocytes
SRR1974563,-7.44147397520204,1.87988938077212,-2.69860506104305,5,oligodendrocytes
SRR1974564,-8.42135812284609,1.71301717742205,-2.68378555821255,5,oligodendrocytes
SRR1974565,-6.53182269575258,0.26046155079127,-3.91075944947079,6,OPC
SRR1974566,-8.01198770048281,1.92610077245951,-3.17033338593319,5,oligodendrocytes
SRR1974567,-5.06101848127504,2.06496129616023,-2.86358952568844,1,hybrid
SRR1974568,-5.56483842374941,2.36584846361399,-2.80918169068173,1,hybrid
SRR1974569,-8.60799314024111,2.05638323410273,-2.69774377392605,5,hybrid
SRR1974570,-3.40591479780336,5.08142505272151,-1.08576029585674,4,oligodendrocytes
SRR1974571,-7.77862073423525,1.85383049829722,-3.01383948372677,5,oligodendrocytes
SRR1974572,-7.72589684965273,1.77793283446551,-3.02808988140896,5,oligodendrocytes
SRR1974573,-7.85789014341494,1.74902264459849,-3.13060915516689,5,oligodendrocytes
SRR1974574,-7.70123864652773,1.47600060014845,-3.03855037735775,5,oligodendrocytes
SRR1974575,-7.89705945493837,-1.32256879226445,-6.24814486550167,7,OPC
SRR1974576,-6.78019048216005,-0.212358611981862,-4.6285030846484,6,OPC
SRR1974577,-7.45684720518251,-1.28466119186162,-6.16992926644161,7,hybrid
SRR1974578,-6.39272119047304,-0.006564754407399,-4.04606437729672,6,OPC
SRR1974579,-6.67714644910952,-0.117673415105336,-4.526653051842,6,OPC
SRR1974580,-6.80021668913027,-0.217943567197316,-4.57096910523251,6,OPC
SRR1974581,-7.91190053465029,-1.02953328506231,-5.97129893349484,7,OPC
SRR1974582,-7.9157552862372,-1.06526770011663,-6.09513831185177,7,microglia
SRR1974583,-6.70861197950502,-0.199593562047475,-3.77329015778378,6,OPC
SRR1974584,-4.67475987913271,1.24995317741156,-3.07328081177548,1,hybrid
SRR1974585,-7.00030805112978,-0.432316917340749,-4.90159273194149,6,OPC
SRR1974586,-6.62127591612001,-0.195134300153249,-3.93227410363033,6,OPC
SRR1974587,-6.56711722852846,0.111959558565623,-4.19254398392513,6,OPC
SRR1974588,-6.36748029234072,0.169448834497935,-4.01563787506893,6,OPC
SRR1974589,-6.38188554289003,0.200907927591807,-3.89183187531307,6,OPC
SRR1974590,-7.66745759489199,1.24442793114901,-3.22331893490627,6,microglia
SRR1974591,-7.99128915311953,-1.4223350466895,-6.38066792534664,7,microglia
SRR1974592,-8.0822649145331,-1.29266752616643,-6.47152543114498,7,OPC
SRR1974593,-6.53680039884706,-0.059964198033803,-3.77838110970333,6,OPC
SRR1974594,-6.90727616789003,-0.338228124539846,-4.73516917275265,6,OPC
SRR1974595,-8.32984639646669,1.61188412888766,-2.81004965351894,5,microglia
SRR1974596,-7.67999555112978,-1.06519569770574,-5.96006608055905,7,OPC
SRR1974597,-7.75719644071718,-1.43038429633855,-6.29018282936886,7,microglia
SRR1974598,-7.87748815061708,-1.50265087501287,-6.4472754006274,7,microglia
SRR1974599,-7.8086881780829,-1.74005569831609,-6.36298441933468,7,microglia
SRR1974600,-6.79798795225283,-0.057195681493276,-4.00831317948177,6,OPC
SRR1974601,-3.40252257825991,4.51920376404048,-0.371141672600061,4,hybrid
SRR1974602,-3.73563243391176,1.83097959740878,-2.01740947412327,1,neurons
SRR1974603,-3.29767848493715,4.67072592361689,-0.353092790115625,4,neurons
SRR1974604,-1.69754387380739,2.95237551315547,3.955449342262,2,astrocytes
SRR1974605,-2.32210041525026,2.17840777023555,1.03075027419254,8,neurons
SRR1974606,-7.80087853910585,-1.52483357803106,-6.40156483696774,7,microglia
SRR1974607,-3.62579967023989,2.80934403522731,-1.57142943935469,1,neurons
SRR1974608,-2.57975865842958,2.16364620311976,0.527421235572547,8,hybrid
SRR1974609,-3.49764110090395,1.82847298367739,-2.15001553343609,1,neurons
SRR1974610,-1.74872495176454,2.96081541164637,3.85562920523807,2,astrocytes
SRR1974611,-3.4430842542853,4.69520054443598,-0.555359304416925,4,neurons
SRR1974612,-4.08959247114321,4.21791015251399,-1.68725147889927,4,neurons
SRR1974613,-4.24147368909975,3.84199319465876,-1.23736587213352,4,neurons
SRR1974614,-3.40520955564638,4.79068432434321,-0.490845799911767,4,neurons
SRR1974615,-4.03596450330873,2.55217657669306,-2.2131057982333,1,neurons
SRR1974616,-7.29013062955995,1.817707371552,-2.73130381153896,5,oligodendrocytes
SRR1974617,-4.08773948194643,3.0484854994607,-1.77630077349022,1,neurons
SRR1974618,-2.6523184919562,1.23736443801642,-2.62715208576992,1,neurons
SRR1974619,-3.29787398817202,3.31738350971461,-0.282432318199426,4,hybrid
SRR1974620,-4.39500524046083,4.09170995338679,-0.956332028377801,4,neurons
SRR1974621,-4.0796866560187,2.02685121877909,-2.16348731564358,1,neurons
SRR1974622,-4.38082028867861,3.73308454139949,-1.51740875514224,4,neurons
SRR1974623,-3.93797542097231,4.71305976494074,-0.606440723408014,4,neurons
SRR1974624,-3.97300387861391,2.91202412231684,-3.00161635922268,1,neurons
SRR1974625,9.86186407564024,-2.63275684730291,3.17558598471805,1,neurons
SRR1974626,-4.05613519193788,4.36308179481745,-0.783782840240747,4,neurons
SRR1974627,-4.12887240888735,4.09391580208064,-1.03660422610119,4,neurons
SRR1974628,-3.86805488111635,2.46600232704402,-2.65302455471829,1,neurons
SRR1974629,-2.70637489797731,1.32994433923484,-2.74470186280087,1,neurons
SRR1974630,-3.85038186552187,1.61504648311854,-2.19157552765682,1,neurons
SRR1974631,-4.21193696500917,4.47678289993525,-1.0818625097163,4,neurons
SRR1974632,-2.64480759145876,1.44460705540002,-2.56710636662319,1,neurons
SRR1974633,-3.15919829847475,3.58933435066462,-1.9595358078368,1,neurons
SRR1974634,-2.88335038664003,1.58616220637084,-2.51792210387066,1,neurons
SRR1974635,-3.82154466154238,2.96504746063472,-2.8545156721957,1,neurons
SRR1974636,-4.09739972593447,4.26879630668879,-1.03714558528736,4,neurons
SRR1974637,-1.15814997198244,3.74979768379451,4.22030711127445,2,astrocytes
SRR1974638,-3.65415383817812,3.38433526142359,-2.12720167683437,1,neurons
SRR1974639,-4.26305772306581,2.20671741350413,-2.30435806559399,1,neurons
SRR1974640,-3.98206950666567,4.09847102745295,-0.832217514980584,4,neurons
SRR1974641,-0.829471840878925,3.71335254295588,4.53361725760624,2,astrocytes
SRR1974642,-3.75041724683901,4.7020386277032,-0.859457433689386,4,neurons
SRR1974643,-2.91211797239443,1.814742278893,-2.47157955216244,1,neurons
SRR1974644,-0.840218319913348,-8.26982511893987,11.5508320326917,9,endothelial
SRR1974645,-4.17726899625917,2.21156672819377,-2.6852532629855,1,neurons
SRR1974646,-3.28576947691103,5.20119677170039,-0.835738301742822,4,neurons
SRR1974647,-0.867212309857806,3.66620717628718,4.05690979911014,2,astrocytes
SRR1974648,-3.3550133848395,3.20492563827754,-1.38883326994255,4,neurons
SRR1974649,-4.27896310331484,2.86965773685694,-2.35367721365765,1,neurons
SRR1974650,-3.15903092863222,3.23745141609431,-1.82284018443897,4,neurons
SRR1974651,-1.2598657751288,3.60278926475764,3.94852089835331,2,astrocytes
SRR1974652,-3.64032222273012,4.53956328018428,-0.865604639519006,4,neurons
SRR1974653,-1.87517310621401,2.57443366630793,3.64929842902347,2,astrocytes
SRR1974654,-4.32871200086733,3.42009673698664,-2.28790402458981,1,neurons
SRR1974655,-4.26519490720888,4.10533581360102,-1.11524897860363,4,neurons
SRR1974656,-4.37500764372011,4.11676750763178,-1.13906338857487,4,neurons
SRR1974657,-4.12087394239565,4.50170121773005,-1.27055889414623,4,neurons
SRR1974658,-3.77138806821962,2.46977446659327,-3.14296865509823,1,neurons
SRR1974659,-3.79289103986879,2.11933259351969,-2.58263051556423,1,neurons
SRR1974660,-4.12324143888613,3.17479060276271,-2.06206762837246,1,neurons
SRR1974661,-4.18175889494081,4.40103517158747,-0.914391339290887,4,neurons
SRR1974662,-3.97603370191713,2.41273121221781,-2.23372030304745,1,neurons
SRR1974663,-3.73741246702333,4.76215324981928,-1.22238987730816,4,neurons
SRR1974664,-0.670327439328632,3.67138658149958,4.78937888098881,2,astrocytes
SRR1974665,-0.561718597432574,-8.04286684409856,11.2751009459607,9,endothelial
SRR1974666,-7.63945676328798,-1.78316654578924,-6.46468806313351,7,microglia
SRR1974667,0.192417726496259,-7.43636907951116,10.8728582854383,9,endothelial
SRR1974668,-7.59795190336367,-1.34715499297857,-6.47016453789547,7,microglia
SRR1974669,-7.67589761259218,-1.67704238311528,-6.46620535897091,7,microglia
SRR1974670,-0.91248871328493,3.67693958862544,4.73190998984501,2,astrocytes
SRR1974671,-7.80263329984804,-1.56732429877996,-6.61899590538815,7,microglia
SRR1974672,-0.823902621289691,3.62132249458552,4.66581702185795,2,astrocytes
SRR1974673,-3.14010955335756,5.10970078094721,-0.710673332680017,4,neurons
SRR1974674,-3.83918382169863,2.76647971256495,-2.97915852116421,1,neurons
SRR1974675,10.2915963983331,-2.8924609603095,2.54829049063846,1,fetal_quiescent
SRR1974676,-1.13915587904116,-8.35445417777776,11.4478714461438,9,endothelial
SRR1974677,-3.99523498060366,3.22180424316645,-2.96836686180905,1,neurons
SRR1974678,-2.1041941786017,2.22147969587565,2.5916216368787,2,astrocytes
SRR1974679,-1.89523173811098,2.58019946201564,2.69408345175907,2,astrocytes
SRR1974680,-3.65847016813417,1.93381522281886,-1.66340477811173,1,hybrid
SRR1974681,-3.98837329389711,1.9463725505662,-2.11407208489254,1,neurons
SRR1974682,-2.09723259451052,2.31779096706629,2.42069840384647,2,astrocytes
SRR1974683,-2.27999211790224,1.96963600500346,0.947311400901526,8,hybrid
SRR1974684,-3.96491242887636,1.64697760029555,-2.27753990935162,1,neurons
SRR1974685,-2.51573015691896,2.16349838360072,0.744068383704871,8,hybrid
SRR1974686,-3.95821906568666,1.64281621261359,-1.91699624108151,1,neurons
SRR1974687,-2.34315468313356,1.930071037848,0.54311704589054,8,hybrid
SRR1974688,-1.96082116605898,2.63575754745722,3.91932511283085,2,astrocytes
SRR1974689,-1.63257171156069,2.52367113216639,3.32261347724125,2,astrocytes
SRR1974690,-8.72914792539736,1.68930755241633,-2.7138177161105,5,oligodendrocytes
SRR1974691,-2.50092126371523,2.14225636108638,0.584946631919593,8,hybrid
SRR1974692,-1.93797613622805,2.43118379696131,3.49606728507206,2,astrocytes
SRR1974693,-2.13669015409609,2.32785795315028,3.48832154227421,2,astrocytes
SRR1974694,-2.36855579855104,2.05787019117594,0.758608102332801,8,hybrid
SRR1974695,-3.50028563978334,3.36689553840876,-1.32301206933334,4,hybrid
SRR1974696,-1.67513014318605,2.94867776020289,2.78989243460819,2,hybrid
SRR1974697,-2.72483016492983,2.00270263536692,0.02882671309635,8,neurons
SRR1974698,-1.33264972211977,3.22772882564784,3.72330307913944,2,astrocytes
SRR1974699,-1.32052327634951,3.43855558021784,4.10858130408451,2,astrocytes
SRR1974700,-2.8357582235541,1.83597276790858,-0.249472856987268,8,hybrid
SRR1974701,-2.10628415586611,2.07245544775248,2.7660691733472,2,astrocytes
SRR1974702,-3.24203492643495,5.07080660446406,-0.959253430832177,4,hybrid
SRR1974703,-1.55240751745363,2.85046074970484,4.03061032248661,2,astrocytes
SRR1974704,-3.02058459760805,1.19022135122538,-2.69019889878109,1,neurons
SRR1974705,-3.81162644865175,1.78960980160952,-1.80409345077351,1,neurons
SRR1974706,-2.95140220167299,1.8903594432664,-0.410572648514062,8,neurons
SRR1974707,-4.11261512281557,4.43465815170527,-1.22912320541218,4,neurons
SRR1974708,-3.56173135282656,4.6715096054864,-0.404322267044336,4,hybrid
SRR1974709,-3.68291713239809,3.17537544353724,-2.60517060803249,1,neurons
SRR1974710,-3.22092105390688,4.09665713890315,-1.68955189036205,4,neurons
SRR1974711,-3.60100461485048,4.49356470688105,-0.590203166473657,4,neurons
SRR1974712,-3.8986916685309,2.04207347019435,-2.62267375038937,1,neurons
SRR1974713,-2.63464929105898,1.22821715160132,-2.72850203560665,1,neurons
SRR1974714,-3.3006110334601,2.99204836471797,-2.00735181616619,1,neurons
SRR1974715,-1.85990931036135,2.35087160452128,3.27864146186039,2,astrocytes
SRR1974716,-3.22903300764223,2.92227314098597,-0.378537893760949,4,hybrid
SRR1974717,-1.65893699171205,3.18982730491877,3.58632254553959,2,astrocytes
SRR1974718,-3.76659776212831,3.07037613971949,-1.59089520247653,1,neurons
SRR1974719,-3.0185909414496,2.60436759575129,-0.154413462150842,8,hybrid
SRR1974720,-1.80462028028627,2.84165261371852,2.61451983405277,2,astrocytes
SRR1974721,-0.979286923428973,3.49432454689265,4.02631354285404,2,astrocytes
SRR1974722,-1.77029372694155,2.63312337978602,2.73171734763309,2,astrocytes
SRR1974723,-1.81713010313173,2.27900717838526,3.14095044089481,2,astrocytes
SRR1974724,-2.60144759657045,1.83510736807109,0.168490051757544,8,neurons
SRR1974725,-2.18737412931581,2.27715484483958,1.5795457358472,8,astrocytes
SRR1974726,-1.71486474516054,2.75046883209468,3.55897211981937,2,astrocytes
SRR1974727,-3.18300200941225,3.48894272430659,-0.034241676796228,4,astrocytes
SRR1974728,-1.57861949445864,2.91227148159266,3.26166176749393,2,astrocytes
SRR1974729,-2.53034020902773,1.74002997263194,0.406265019904822,8,hybrid
SRR1974730,-4.11744929792543,3.36184642894984,-1.47512182639912,4,neurons
SRR1974731,-2.00217510702272,2.58242986782313,3.71072840644047,2,astrocytes
SRR1974732,-2.17528344633242,2.13733355386973,2.32387518836185,2,astrocytes
SRR1974733,-2.04347373487612,2.31357071979762,3.42939400626346,2,astrocytes
SRR1974734,-1.93236018659731,2.64435551746607,2.29064583731815,8,astrocytes
SRR1974735,-2.35222674848696,1.68198801263095,0.501277923118323,8,neurons
SRR1974736,-1.88038922788759,2.19567958696604,2.88349461508915,2,astrocytes
SRR1974737,-1.58901955129763,2.8309117375207,3.66761660529301,2,astrocytes
SRR1974738,-1.46433140279909,3.09959362133265,3.2669875617139,2,astrocytes
SRR1974739,-1.93171502592226,2.03169111593486,2.91951203299686,2,astrocytes
SRR1974740,-1.03896476270815,3.59280763252497,3.95799326850101,2,astrocytes
SRR1974741,-2.00146914961,2.89752266987086,3.55592226935551,2,astrocytes
SRR1974742,-2.50206710340639,2.18732647283793,0.699741363059729,8,hybrid
SRR1974743,-2.09266592504641,2.51535664184809,3.7196562285535,2,astrocytes
SRR1974744,-1.19553925039431,3.79846749885798,3.98483157111332,2,astrocytes
SRR1974745,-2.18068148138185,2.13925365789653,2.81600260687992,2,astrocytes
SRR1974746,-2.48753906728884,1.9554998694253,0.473246335517615,8,hybrid
SRR1974747,-2.40534211637636,1.88297344430209,0.519992112647742,8,hybrid
SRR1974748,-3.87345315458437,2.75500748737574,-1.59722371445969,1,hybrid
SRR1974749,-7.52779389860292,-1.3950449408698,-6.27916121529415,7,hybrid
SRR1974750,-2.27603246214052,2.19313458784342,3.02539038611576,2,astrocytes
SRR1974751,-2.02325536253115,2.22919223888636,2.63925671530887,2,astrocytes
SRR1974752,-3.77961637022158,2.88399456127406,-1.95978903817013,1,neurons
SRR1974753,-1.35819531919619,3.57745180710078,4.04529404593632,2,astrocytes
SRR1974754,-1.91272355558535,2.58552144153834,3.64476752234623,2,astrocytes
SRR1974755,-0.9506092214789,-8.42800440208196,11.5936443801038,9,endothelial
SRR1974756,-2.59254266264101,1.24911239429236,-2.62610304402187,1,neurons
SRR1974757,0.085736975649396,-7.46592344657659,10.8624613280408,5,endothelial
SRR1974758,-1.11338068487307,-8.41712011710882,11.4773666854016,9,endothelial
SRR1974759,-4.02423287870546,3.42769251449824,-2.4058080916293,1,neurons
SRR1974760,-7.75573636533876,1.90658874495745,-2.8321311478503,5,oligodendrocytes
SRR1974761,-0.038498892804584,-7.6713334502387,11.0924093718641,9,endothelial
SRR1974762,-3.58907271864077,4.1383315144372,-2.18320751236752,1,neurons
SRR1974763,-5.81778050901552,2.09793214185954,-2.80792176770046,1,neurons
SRR1974764,-0.025894179364642,-7.66039099113225,11.0738203520887,9,endothelial
SRR1974765,-8.36392594816347,2.17388896330119,-2.46703404234722,5,oligodendrocytes
SRR1974766,0.01586650369505,-7.60247816459417,11.0161097045057,9,endothelial
SRR1974767,-3.52336217405458,5.00581083877803,-1.1732541625388,4,neurons
SRR1974768,-1.19280029775759,-8.54930605308294,11.550344705116,9,endothelial
SRR1974769,-8.16144849302431,2.1894259868455,-2.79162263916805,5,oligodendrocytes
SRR1974770,-1.05422665121218,-8.31557001487493,11.5993463988416,9,endothelial
SRR1974771,0.071474060991803,-7.53143991843938,10.9494736189954,9,endothelial
SRR1974772,0.054370388964215,-7.58868135825872,11.0083544249646,9,endothelial
SRR1974773,-3.7942519331183,4.5167666493249,-1.7623877231963,4,neurons
SRR1974774,-1.00305582525392,-8.42041696922063,11.4216034407727,9,endothelial
SRR1974775,-3.93080426695009,3.50729117973567,-2.29531550453976,1,neurons
SRR1974776,-3.19557525159975,5.03606210335017,-1.09878563927487,4,neurons
SRR1974777,-4.0119900846686,3.04500041588069,-2.87775659607723,1,neurons
SRR1974778,-3.6966562414374,4.56306515320063,-1.68251591967419,4,neurons
SRR1974779,-4.77607537748476,2.73588953598262,-2.97595119522884,1,neurons
SRR1974780,0.094688162783185,-7.54563249961614,10.9624588484876,4,neurons
SRR1974781,-1.11184622289797,-8.47148908988714,11.4075758452527,9,endothelial
SRR1974782,-3.65416480543276,3.77323136909724,-2.56206405209377,1,neurons
SRR1974783,-4.08656455518862,2.80447552784205,-2.37532311724499,1,neurons
SRR1974784,0.114626274088422,-7.51049055473089,10.9245817656629,9,endothelial
SRR1974785,-3.74269677641054,4.40063200577021,-1.86584511445835,4,neurons
SRR1974786,-3.28907729627748,4.60689983947993,-1.49751767190173,4,neurons
SRR1974787,-3.77318622114321,5.00223599060298,-1.22179552959278,4,neurons
SRR1974788,-7.92965032102724,-1.58896769897222,-6.52937388466671,7,microglia
SRR1974789,-0.902092471143207,-8.29752649680852,11.4957344527356,9,endothelial
SRR1974790,-8.90282823087831,1.88518114073992,-2.45955044077709,5,oligodendrocytes
SRR1974791,-8.54874421598574,1.84245083912135,-2.72695767926052,5,oligodendrocytes
SRR1974792,-8.17539121153017,1.77651880367518,-3.14174592541531,5,oligodendrocytes
SRR1974793,-2.8081360006537,1.20179617090941,-2.66970408009365,1,neurons
SRR1974794,-1.00164271833559,-8.30823912040471,11.4530699248426,9,endothelial
SRR1974795,-7.8735714101996,1.8798217295003,-2.70717501686886,5,oligodendrocytes
SRR1974796,-7.89626122953554,1.67504961474658,-3.09634602116421,5,oligodendrocytes
SRR1974797,-8.73194123747011,1.84810582979441,-2.57912778900936,5,oligodendrocytes
SRR1974798,-0.856945767423114,-8.38483538047551,11.3840420241468,9,endothelial
SRR1974799,-4.2672858381476,2.49643324001551,-3.10048413323238,1,neurons
SRR1974800,-3.41964818479677,4.22813521011592,-1.91950586484745,4,neurons
SRR1974801,-4.13054992200991,2.58394275291682,-2.78226089524105,1,neurons
SRR1974802,-8.29256059171816,2.07798121555567,-2.52670055674389,5,oligodendrocytes
SRR1974803,-5.20080853941103,0.72681133135081,-3.35252499626949,6,neurons
SRR1974804,-6.32407809736391,0.234813195307261,-3.99303937004879,6,hybrid
SRR1974805,-7.8411874914374,2.12096838339091,-2.63174414681271,5,oligodendrocytes
SRR1974806,-4.34716750623842,2.10108105524302,-3.09196019219235,1,neurons
SRR1974807,-7.4368791723456,-1.37949456588506,-6.32294392632321,7,neurons
SRR1974808,-3.56012822630068,5.04688845260859,-1.18449869798496,4,neurons
SRR1974809,-3.99174977781435,4.169672828753,-2.00713545130566,1,neurons
SRR1974810,-5.55024529935976,0.532137852747447,-3.52199435280636,6,neurons
SRR1974811,-5.31106950285097,0.668606203634746,-3.40123653458431,1,neurons
SRR1974812,-6.88196088316103,2.01301036461116,-2.78486895607784,5,oligodendrocytes
SRR1974813,-4.14175702573915,2.33004937752009,-2.97399318264797,1,neurons
SRR1974814,-2.58192087652346,2.22971729620219,3.0301244254224,2,astrocytes
SRR1974815,-4.31713773252626,2.09034250362635,-2.3548129205592,1,neurons
SRR1974816,-6.1006975317206,0.272768598635203,-3.77521228836849,6,hybrid
SRR1974817,-3.59282065870424,1.58953092678309,-2.50684070633724,1,neurons
SRR1974818,-4.29589892866274,2.59374712093592,-2.94616031693295,1,neurons
SRR1974819,-3.85522843839785,1.74929393513919,-2.60484468983486,1,neurons
SRR1974820,-4.4088726186957,2.22337995155574,-2.61112868832424,1,neurons
SRR1974821,-4.34983922483583,3.27077065094233,-1.96537062572315,1,neurons
SRR1974822,-5.05830861570497,0.83462463005305,-3.30831193970516,1,neurons
SRR1974823,-5.18467856886049,2.93036876304866,-2.59576225327328,1,neurons
SRR1974824,-4.15973474027773,3.33746824844599,-2.80817699478939,1,neurons
SRR1974825,-3.65456344129702,3.35527227504969,-2.4417806272395,1,neurons
SRR1974826,-6.61671210767885,-0.235964673917287,-3.8156688218005,6,hybrid
SRR1974827,-8.12721349241396,2.11355583055735,-2.5819098954089,5,oligodendrocytes
SRR1974828,-4.95259286405703,0.905505579550273,-3.1926516299136,1,neurons
SRR1974829,-6.14017106535097,2.16145543440104,-2.77975511597469,1,oligodendrocytes
SRR1974830,-4.23094846250673,1.935606401999,-2.94410288380459,1,neurons
SRR1974831,-7.93293096067568,1.96681402309657,-2.47892725514248,5,oligodendrocytes
SRR1974832,-3.95446826460024,3.1252289830041,-2.96610033558682,1,neurons
SRR1974833,-7.30617429258486,1.10870138986827,-3.30937922047451,6,hybrid
SRR1974834,-8.48810006620546,1.943389874537,-2.33122926997021,5,oligodendrocytes
SRR1974835,-4.25207473280092,3.18761203869105,-2.96744239376858,1,neurons
SRR1974836,-8.43311311247011,2.0541321454835,-2.68471419857815,5,oligodendrocytes
SRR1974837,-4.81636096479555,1.11842597707034,-3.04924988793209,1,hybrid
SRR1974838,-2.76245118620058,1.42882255243928,-2.59495019959286,1,neurons
SRR1974839,-8.28698350431581,2.08074591739894,-2.6520284418948,5,oligodendrocytes
SRR1974840,-1.6551613950934,2.7617115794015,3.1695754523389,2,astrocytes
SRR1974841,-3.02567435743471,1.62425984128237,-2.53896153019741,1,neurons
SRR1974842,-3.15261365415712,1.41614692076434,-2.4673787956126,1,neurons
SRR1974843,-3.6687488699164,4.66590962990046,-1.33700783597305,4,neurons
SRR1974844,-3.75773145200869,3.48334918602229,-2.71784114884213,1,neurons
SRR1974845,-8.50069715025087,2.0974739013505,-2.42366206692532,5,oligodendrocytes
SRR1974846,-1.69779993536135,2.52898810489894,3.31999087287113,2,astrocytes
SRR1974847,-3.8196220541205,4.6690784512353,-1.6654963796027,4,neurons
SRR1974848,-3.15942050459047,2.16385243519068,-2.33608388947323,1,neurons
SRR1974849,-3.93228961469789,2.76114891155482,-2.69964695023373,1,neurons
SRR1974850,-6.4057831907477,0.180740815241343,-4.05506539391354,6,hybrid
SRR1974851,-7.21456243040224,1.44011785148502,-3.06158673809841,5,oligodendrocytes
SRR1974852,-8.40132810117861,2.13608310802699,-2.61127412365749,5,oligodendrocytes
SRR1974853,-3.99072028638979,2.17096577270747,-2.61694192932919,1,neurons
SRR1974854,-5.015131964704,0.889679413874156,-3.22857749508694,1,neurons
SRR1974855,-6.56024123670717,0.034456235010631,-3.84618163155392,6,hybrid
SRR1974856,-1.39332725050112,3.31486831291438,4.11756968451664,2,astrocytes
SRR1974857,-0.689553275128802,3.67930589302302,4.77002167655155,2,astrocytes
SRR1974858,-0.744364752789935,3.57434402092219,4.70957016898319,2,astrocytes
SRR1974859,-1.52164985181948,3.20575640781642,4.03089165640995,2,astrocytes
SRR1974860,-7.86398316862245,-1.67686404601812,-6.69975876854733,7,microglia
SRR1974861,-7.91387082578798,-1.61147298232793,-6.66568732308224,7,microglia
SRR1974862,-1.07795764448305,3.56203017814875,4.10534262610599,2,astrocytes
SRR1974863,-0.722777500173053,3.62116942985774,4.89401650382206,2,astrocytes
SRR1974864,-3.51466704847475,4.74671803100825,-1.55168209830299,4,neurons
SRR1974865,-0.907990231534442,3.5443328438592,4.42403817130253,2,astrocytes
SRR1974866,-3.91511823179384,4.62159596069575,-0.706533849705011,4,neurons
SRR1974867,-3.85410167219301,3.5749085961175,-2.67088437126949,1,neurons
SRR1974868,-7.74464417936464,-1.66097726241826,-6.70412087487057,7,microglia
SRR1974869,-3.31621743681093,5.10153041465998,-0.7540352945216,4,neurons
SRR1974870,-3.11488725187441,5.03677497490168,-1.04383924650028,4,neurons
SRR1974871,-1.15896250250002,3.444983583529,4.00829768134281,2,astrocytes
SRR1974872,-2.92676736356874,5.00937352760554,-1.02122569130734,4,neurons
SRR1974873,-2.01440788747927,2.76730392559291,3.82310652686283,2,astrocytes
SRR1974874,-1.01196075918337,3.62054977997065,3.95642828894779,2,astrocytes
SRR1974875,8.58850430009703,-4.62628139869451,4.82733082724735,1,fetal_replicating
SRR1974876,8.89744947908262,-4.74762310401677,4.87254404975101,1,fetal_replicating
SRR1974877,9.94124411104063,-2.72171129600286,3.20956540061161,1,fetal_replicating
SRR1974878,8.71266458986143,-4.78796781913518,5.03512167884037,1,fetal_replicating
SRR1974879,9.69841192720274,-4.06126226798772,3.21596646262333,1,fetal_replicating
SRR1974880,9.54216288087706,-3.98236908332586,3.51788926078007,1,fetal_replicating
SRR1974881,9.09955500123839,-4.40408863441228,4.30760788870975,1,fetal_replicating
SRR1974882,8.58747862336973,-4.57973589317083,4.88945889426395,1,fetal_replicating
SRR1974883,9.73889158723692,-4.39313282386541,2.6972067351453,1,fetal_replicating
SRR1974884,10.1509704446588,-4.04196705238103,2.45990848494694,1,fetal_replicating
SRR1974885,8.62627647874693,-4.5525909842658,4.48740601493046,1,fetal_replicating
SRR1974886,8.91159819124083,-4.43431629554509,4.4467127318494,1,fetal_replicating
SRR1974887,8.516277775744,-4.73760475532293,4.87111973715946,1,fetal_replicating
SRR1974888,9.77550600526671,-4.05092539207219,3.01741242362186,1,fetal_replicating
SRR1974889,10.004323945025,-3.63196195976018,2.95359682990238,1,fetal_replicating
SRR1974890,8.70531939027647,-4.59329904929876,5.04664397193119,1,fetal_replicating
SRR1974891,8.71398733613829,-4.6805411757636,5.03443551016971,1,fetal_replicating
SRR1974892,8.81411169526915,-4.58019604102849,4.65426039649174,1,fetal_replicating
SRR1974893,9.95975206849913,-4.59609236137151,2.36276531172916,1,fetal_quiescent
SRR1974894,8.88388870714049,-4.89127077476262,4.85196280432865,1,fetal_replicating
SRR1974895,9.90542124269346,-2.82515158073186,3.23233246756718,1,fetal_quiescent
SRR1974896,8.8104147767816,-4.84563984290838,4.96036124182865,1,fetal_replicating
SRR1974897,9.92154024598936,-3.06214346305608,3.22592377616093,1,fetal_quiescent
SRR1974898,9.97481249330382,-3.25408090965032,3.18113398505375,1,fetal_quiescent
SRR1974899,10.003799424151,-3.22532333747625,3.13919663382694,1,fetal_quiescent
SRR1974900,9.79699324128966,-3.62798609153508,3.25884461356327,1,fetal_replicating
SRR1974901,10.1906280374322,-4.40354599372625,0.197522401344031,3,fetal_quiescent
SRR1974902,10.3570623254571,-3.44523205177068,2.01265478087589,1,fetal_quiescent
SRR1974903,10.3394613122735,-5.14689554588079,-0.38119936035946,3,fetal_quiescent
SRR1974904,9.89361570833067,-4.39640154258489,2.22145438147709,1,fetal_quiescent
SRR1974905,10.5111446237359,-5.00816692725896,0.04997158003971,3,fetal_quiescent
SRR1974906,10.3367261743341,-3.29529680625676,1.56789565039799,1,fetal_quiescent
SRR1974907,10.2829646920953,-4.24796499625921,1.08625459624454,1,fetal_quiescent
SRR1974908,10.076327309588,-3.57064785377263,2.87421917868778,1,fetal_quiescent
SRR1974909,10.4419040536676,-4.56129946128606,-0.277277589309961,3,fetal_quiescent
SRR1974910,10.2144241189752,-3.96812691108465,-1.40991257922724,3,fetal_quiescent
SRR1974911,9.83041189668516,-3.4755383910346,-1.57524947496131,3,fetal_quiescent
SRR1974912,9.9569721078668,-4.62427057639837,0.9599819178693,1,fetal_quiescent
SRR1974913,9.87011717317442,-4.11021150962591,-1.36972664343193,3,fetal_quiescent
SRR1974914,8.71756695268492,-4.84814562217473,4.7955315108411,1,fetal_replicating
SRR1974915,10.2957010125909,-4.99702038184881,-0.137025475967675,3,fetal_quiescent
SRR1974916,10.2429027414117,-4.39076198951482,-1.162764639128,3,fetal_quiescent
SRR1974917,10.4121913766656,-3.4111696662116,1.99273824645206,1,fetal_quiescent
SRR1974918,10.5336503839288,-4.87242664710759,-0.255328059662133,3,fetal_quiescent
SRR1974919,10.1892061090265,-5.34846224204778,-0.103118777740747,3,fetal_quiescent
SRR1974920,10.5070085382257,-3.76213135139226,-1.52546305349097,3,fetal_quiescent
SRR1974921,9.82444952485899,-3.67828907386541,-1.20127680944279,3,fetal_quiescent
SRR1974922,9.94361208436827,-5.18558039085149,0.058538198005408,3,fetal_quiescent
SRR1974923,9.99189947603087,-3.67559875861883,-1.67879542754963,3,fetal_quiescent
SRR1974924,9.98506353853087,-3.11933197395086,-1.83839973853901,3,fetal_quiescent
SRR1974925,10.4619541024957,-3.79147734061956,-1.2855338905938,3,fetal_quiescent
SRR1974926,10.4066648340021,-3.1861826361823,-1.82265973137692,3,fetal_quiescent
SRR1974927,10.3376941537652,-4.79838718787908,-0.388366699684411,3,fetal_quiescent
SRR1974928,10.1511983728204,-2.88962902442693,2.83243823004887,1,fetal_quiescent
SRR1974929,9.92708014009337,-3.88521446601629,-1.52596353972331,3,fetal_quiescent
SRR1974930,10.0016164636407,-3.47215427772283,-1.77999092685059,3,fetal_quiescent
SRR1974931,10.0885486459527,-3.64759172813176,-1.77496427344158,3,fetal_quiescent
SRR1974932,10.2828073358331,-4.79075159446477,-0.006587028969079,3,fetal_quiescent
SRR1974933,10.0536556100641,-4.69279875175237,1.88484191847965,1,fetal_quiescent
SRR1974934,10.119407639483,-3.05467857734441,2.68605780554935,1,fetal_quiescent
SRR1974935,10.092386231402,-5.29644789115667,-0.065512657631189,3,fetal_quiescent
SRR1974936,10.2165021753107,-3.51028980628728,-1.81417980836704,3,fetal_quiescent
SRR1974937,9.90002630708555,-3.73563303367376,-1.31375218974426,3,fetal_quiescent
SRR1974938,10.0112638330255,-4.82806887046575,0.612245797645301,3,fetal_quiescent
SRR1974939,10.4551877832208,-3.53647817985296,1.73522186232731,1,fetal_quiescent
SRR1974940,10.1828517770563,-5.16128649131536,-0.117681026924402,3,fetal_quiescent
SRR1974941,10.119880661944,-3.43869985954046,-1.81371551798657,3,fetal_quiescent
SRR1974942,10.1018895959649,-3.15017046348333,-1.96419993089512,3,fetal_quiescent
SRR1974943,10.5507526254449,-3.4541851462531,1.7418045992963,1,fetal_quiescent
SRR1974944,10.071332917193,-3.29152645484685,-2.10830247448757,3,fetal_quiescent
SRR1974945,10.2009191369806,-5.30569900886297,-0.225812197197229,3,fetal_quiescent
SRR1974946,9.02201364992003,-4.54246677772283,4.59569001151249,1,fetal_replicating
SRR1974947,10.4451141214166,-4.39504732505559,1.28740286780521,1,fetal_quiescent
SRR1974948,10.1532239770685,-2.6878186644721,2.99395489646122,1,fetal_quiescent
SRR1974949,10.0605783319269,-5.12868418113469,0.348930835258216,3,fetal_quiescent
SRR1974950,10.2252416467462,-4.36245598212957,2.25876283599064,1,fetal_quiescent
SRR1974951,10.2069549417291,-4.20144333259343,2.340135097038,1,fetal_quiescent
SRR1974952,10.3902091836725,-4.4383856238532,1.04284667922184,1,fetal_quiescent
SRR1974953,10.4324092721734,-3.82249464408635,1.41893410636112,1,fetal_quiescent
SRR1974954,9.99072836397032,-5.07517876044988,-0.33222806500271,3,fetal_quiescent
SRR1974955,10.1561841821466,-3.17446483985662,-1.97273972677067,3,fetal_quiescent
SRR1974956,10.1273393487726,-4.89338936225652,-0.211085439193994,3,fetal_quiescent
SRR1974957,10.2982597207818,-4.25574030296087,2.03562498046085,1,fetal_quiescent
SRR1974958,10.1852598047052,-4.49220289603948,1.82343387557194,1,fetal_quiescent
SRR1974959,10.3276910638605,-4.31156410590886,0.924353360664099,1,fetal_quiescent
SRR1974960,10.111914620379,-4.84563030616521,-0.208111405838281,3,fetal_quiescent
SRR1974961,10.113114342669,-4.64241518394231,1.06820058776066,1,fetal_quiescent
SRR1974962,10.3145036554132,-3.01365436927556,2.47287392569706,1,fetal_quiescent
SRR1974963,10.0101528024469,-4.99465813056707,-0.163530946243554,3,fetal_quiescent
SRR1974964,10.2742538308893,-4.12063755409002,1.04583740187809,1,fetal_quiescent
SRR1974965,10.2287473535333,-3.1838952483344,-1.92615276621655,3,fetal_quiescent
SRR1974966,10.0983476495538,-4.81281580344915,0.941682576667517,1,fetal_quiescent
SRR1974967,10.077602372149,-4.48072494880437,-0.484223366249353,3,fetal_quiescent
SRR1974968,10.0988654947076,-4.54214348212957,1.78440952254459,1,fetal_quiescent
SRR1974969,9.95401762483458,-4.38056291953801,-0.205493689049035,3,fetal_quiescent
SRR1974970,10.3374700403009,-4.56740965263128,0.018659591209143,3,fetal_quiescent
SRR1974971,10.2512121057306,-2.60838331596135,2.92053103400394,1,fetal_quiescent
SRR1974972,10.1586484765802,-4.98966421500921,0.370440363418311,3,fetal_quiescent
SRR1974973,10.3133392190729,-2.82337059394597,2.70072817755863,1,fetal_quiescent
SRR1974974,10.3695554590021,-4.22857012168645,2.06484222365543,1,fetal_quiescent
SRR1974975,10.4402046060357,-4.02787317649602,1.28186488104984,1,fetal_quiescent
SRR1974976,10.3710813379083,-3.84169830695867,2.16699242545292,1,fetal_quiescent
SRR1974977,10.0933666085992,-3.52528633491277,-1.38957336591557,3,fetal_quiescent
SRR1974978,10.1555137491022,-3.86009230033635,-1.6882588271983,3,fetal_quiescent
SRR1974979,10.023050293902,-4.56850876228093,1.99899506522343,1,fetal_quiescent
SRR1974980,9.9524612283502,-3.84378399268865,-1.16338530229405,3,fetal_quiescent
SRR1974981,10.0610532617364,-3.03365244285344,-2.09704113053158,3,fetal_quiescent
SRR1974982,10.0953416681085,-3.85078825370549,-1.05397117184475,3,fetal_quiescent
SRR1974983,9.989018425921,-2.82822098151922,3.11084294272587,1,fetal_quiescent
SRR1974984,10.2640285348688,-3.98186363593816,1.33700609160587,1,fetal_quiescent
SRR1974985,10.2860345697198,-3.90931858436345,-1.18881297158077,3,fetal_quiescent
SRR1974986,10.3251199579034,-4.07129539863347,-1.05840492295101,3,fetal_quiescent
SRR1974987,10.2418594217096,-3.89113630668401,1.90805745078251,1,fetal_quiescent
SRR1974988,10.1426124429498,-4.91382517234563,0.514893531333655,1,fetal_quiescent
SRR1974989,8.7138891076837,-4.51408590690374,4.77457785559818,1,fetal_replicating
SRR1974990,10.1266136026178,-3.42063917533635,-1.55914848158136,3,fetal_quiescent
SRR1974991,10.0998163080011,-4.60736002341985,1.47832727385685,1,fetal_quiescent
SRR1974992,10.0876035547052,-4.54768957511663,1.24034953070804,1,fetal_quiescent
SRR1974993,10.3489265298639,-3.64747394935369,1.92114257765934,1,fetal_quiescent
SRR1974994,9.97856138704161,-3.24288238898992,-2.02807855652645,3,fetal_quiescent
SRR1974995,10.3163947915826,-4.29390301124334,1.39320802642033,1,fetal_quiescent
SRR1974996,10.1865625238214,-4.13595022575139,-0.877463400829583,3,fetal_quiescent
SRR1974997,8.6557402467523,-4.80468286887884,5.04326033545658,1,fetal_replicating
SRR1974998,10.2324952935968,-4.32386459724187,-0.396646142471582,3,fetal_quiescent
SRR1974999,10.2161903238092,-2.81414904014348,2.67866730643436,1,fetal_quiescent
SRR1975000,10.2079543924127,-3.95431532279729,-0.771231532562524,3,fetal_quiescent
SRR1975001,10.1513156747613,-2.70375313178777,2.96947503043339,1,fetal_quiescent
SRR1975002,10.2156391000543,-2.65109314338445,3.09221672965214,1,fetal_quiescent
SRR1975003,10.1457872247491,-4.03540195838689,2.10586905432865,1,fetal_quiescent
SRR1975004,10.2923211908136,-4.38985647575139,-0.707284749019891,3,fetal_quiescent
SRR1975005,10.1795654153619,-4.23508657829046,1.35454916907474,1,fetal_quiescent
SRR1975006,10.1250390863214,-2.73575319663762,2.65565085364506,1,fetal_quiescent
SRR1975007,10.2949123239313,-3.84978021995305,-1.22611159132794,3,fetal_quiescent
SRR1975008,10.2227086877618,-3.44037117377996,2.22714924765751,1,fetal_quiescent
